ctime,schemaname,relname,seq_scan,seq_tup_read,idx_scan,idx_tup_fetch,n_tup_ins,n_tup_upd,n_tup_del,n_tup_hot_upd,n_live_tup,n_dead_tup,heap_blks_read,heap_blks_hit,idx_blks_read,idx_blks_hit,toast_blks_read,toast_blks_hit,tidx_blks_read,tidx_blks_hit
1415141284.3546,pg_catalog,pg_attrdef,0,0,0,0,0,0,0,0,0,0,0,0,0,0,0,0,0,0
1415141284.3546,pg_catalog,pg_db_role_setting,0,0,70452,0,0,0,0,0,0,0,0,0,1086,69366,0,0,0,0
1415141284.3546,pg_catalog,pg_rowsecurity,0,0,0,0,0,0,0,0,0,0,0,0,0,0,,,,
1415141284.3546,pg_catalog,pg_description,0,0,1862,0,0,0,0,0,0,0,0,0,539,3607,0,0,0,0
1415141284.3546,pg_catalog,pg_foreign_data_wrapper,0,0,0,0,0,0,0,0,0,0,0,0,0,0,,,,
1415141284.3546,pg_catalog,pg_conversion,0,0,0,0,0,0,0,0,0,0,0,0,0,0,,,,
1415141284.3546,information_schema,sql_features,0,0,,,0,0,0,0,0,0,0,0,,,0,0,0,0
1415141284.3546,public,orders,0,0,,,0,0,0,0,0,0,0,0,,,,,,
1415141284.3546,pg_catalog,pg_class,8440,2153715,499717,467597,726,264,714,251,311,74,10688,541477,10239,1031114,,,,
1415141284.3546,pg_catalog,pg_opfamily,0,0,0,0,0,0,0,0,0,0,0,0,0,0,,,,
1415141284.3546,public,time_statistics,0,0,,,1,0,0,0,1,0,1,0,,,,,,
1415141284.3546,pg_catalog,pg_auth_members,0,0,0,0,0,0,0,0,0,0,0,0,0,0,,,,
1415141284.3546,pg_catalog,pg_operator,0,0,119778,585899,0,0,0,0,0,0,11056,400481,7888,256131,,,,
1415141284.3546,information_schema,sql_packages,0,0,,,0,0,0,0,0,0,0,0,,,0,0,0,0
1415141284.3546,pg_catalog,pg_attribute,1254,8550,372062,784628,2782,82,2646,53,2472,332,15782,408310,6649,768309,,,,
1415141284.3546,pg_catalog,pg_tablespace,2,4,12278,12278,0,0,0,0,0,0,987,11293,1996,22608,,,,
1415141284.3546,pg_catalog,pg_statistic,0,0,91274,85761,603,1556,596,1198,409,193,9964,80647,3149,193882,14996,61608,1045,100292
1415141284.3546,pg_catalog,pg_aggregate,0,0,8160,8160,0,0,0,0,0,0,1186,6974,2520,11811,,,,
1415141284.3546,pg_catalog,pg_inherits,0,0,422,0,0,0,0,0,0,0,0,0,185,237,,,,
1415141284.3546,information_schema,sql_sizing,0,0,,,0,0,0,0,0,0,0,0,,,0,0,0,0
1415141284.3546,pg_catalog,pg_enum,0,0,0,0,0,0,0,0,0,0,0,0,0,0,,,,
1415141284.3546,pg_toast,pg_toast_2396,0,0,0,0,0,0,0,0,0,0,0,0,0,0,,,,
1415141284.3546,pg_catalog,pg_pltemplate,0,0,0,0,0,0,0,0,0,0,0,0,0,0,,,,
1415141284.3546,pg_toast,pg_toast_2618,0,0,3566,11400,0,0,0,0,0,0,1490,2829,503,5223,,,,
1415141284.3546,pg_toast,pg_toast_3596,0,0,0,0,0,0,0,0,0,0,0,0,0,0,,,,
1415141284.3546,pg_toast,pg_toast_11747,0,0,0,0,0,0,0,0,0,0,0,0,0,0,,,,
1415141284.3546,pg_toast,pg_toast_11727,0,0,0,0,0,0,0,0,0,0,0,0,0,0,,,,
1415141284.3546,pg_toast,pg_toast_2606,0,0,0,0,0,0,0,0,0,0,0,0,0,0,,,,
1415141284.3546,pg_toast,pg_toast_2964,0,0,0,0,0,0,0,0,0,0,0,0,0,0,,,,
1415141284.3546,pg_catalog,pg_database,2160,8448,60439,60437,1,0,0,0,1,0,750,61848,4599,91036,,,,
1415141284.3546,information_schema,sql_parts,0,0,,,0,0,0,0,0,0,0,0,,,0,0,0,0
1415141284.3546,pg_toast,pg_toast_2620,0,0,0,0,0,0,0,0,0,0,0,0,0,0,,,,
1415141284.3546,pg_toast,pg_toast_11737,0,0,0,0,0,0,0,0,0,0,0,0,0,0,,,,
1415141284.3546,pg_catalog,pg_depend,0,0,17886,19514,3335,0,3302,0,6628,506,2924,22631,4454,46608,,,,
1415141284.3546,pg_catalog,pg_language,0,0,0,0,0,0,0,0,0,0,0,0,0,0,,,,
1415141284.3546,information_schema,sql_implementation_info,0,0,,,0,0,0,0,0,0,0,0,,,0,0,0,0
1415141284.3546,public,part,0,0,,,0,0,0,0,0,0,0,0,,,,,,
1415141284.3546,pg_catalog,pg_amproc,228,456,69436,108721,0,0,0,0,0,0,1234,67477,3279,152518,,,,
1415141284.3546,public,supplier,0,0,,,0,0,0,0,0,0,0,0,,,,,,
1415141284.3546,pg_catalog,pg_collation,0,0,0,0,0,0,0,0,0,0,0,0,0,0,,,,
1415141284.3546,pg_catalog,pg_range,0,0,3393,0,0,0,0,0,0,0,0,0,2331,4455,,,,
1415141284.3546,pg_toast,pg_toast_2609,0,0,0,0,0,0,0,0,0,0,0,0,0,0,,,,
1415141284.3546,pg_catalog,pg_opclass,228,228,94282,1074357,0,0,0,0,0,0,2679,422067,4190,114350,,,,
1415141284.3546,pg_toast,pg_toast_11752,0,0,0,0,0,0,0,0,0,0,0,0,0,0,,,,
1415141284.3546,pg_catalog,pg_rewrite,0,0,6461,5717,248,0,248,0,110,32,2202,5325,1146,9888,1490,2829,1006,10446
1415141284.3546,pg_toast,pg_toast_1255,0,0,0,0,0,0,0,0,0,0,0,0,0,0,,,,
1415141284.3546,pg_catalog,pg_seclabel,0,0,1862,0,0,0,0,0,0,0,0,0,177,1685,0,0,0,0
1415141284.3546,information_schema,sql_languages,0,0,,,0,0,0,0,0,0,0,0,,,0,0,0,0
1415141284.3546,pg_catalog,pg_ts_parser,0,0,0,0,0,0,0,0,0,0,0,0,0,0,,,,
1415141284.3546,pg_catalog,pg_trigger,0,0,0,0,0,0,0,0,0,0,0,0,0,0,0,0,0,0
1415141284.3546,pg_catalog,pg_shseclabel,0,0,0,0,0,0,0,0,0,0,0,0,0,0,,,,
1415141284.3546,pg_catalog,pg_event_trigger,0,0,748,0,0,0,0,0,0,0,0,0,183,565,,,,
1415141284.3546,pg_toast,pg_toast_11742,0,0,0,0,0,0,0,0,0,0,0,0,0,0,,,,
1415141284.3546,pg_catalog,pg_foreign_table,0,0,0,0,0,0,0,0,0,0,0,0,0,0,,,,
1415141284.3546,information_schema,sql_sizing_profiles,0,0,,,0,0,0,0,0,0,0,0,,,0,0,0,0
1415141284.3546,pg_catalog,pg_extension,0,0,0,0,0,0,0,0,0,0,0,0,0,0,,,,
1415141284.3546,pg_catalog,pg_ts_config,0,0,0,0,0,0,0,0,0,0,0,0,0,0,,,,
1415141284.3546,pg_catalog,pg_shdescription,0,0,0,0,0,0,0,0,0,0,0,0,0,0,0,0,0,0
1415141284.3546,pg_catalog,pg_cast,0,0,508813,125749,0,0,0,0,0,0,1823,123926,1797,522835,,,,
1415141284.3546,pg_catalog,pg_amop,0,0,142969,205231,0,0,0,0,0,0,3516,201715,6246,300006,,,,
1415141284.3546,pg_catalog,pg_user_mapping,0,0,0,0,0,0,0,0,0,0,0,0,0,0,,,,
1415141284.3546,pg_catalog,pg_type,0,0,376826,373586,855,0,836,0,362,23,4808,372522,6318,771216,,,,
1415141284.3546,pg_catalog,pg_largeobject,0,0,0,0,0,0,0,0,0,0,0,0,0,0,,,,
1415141284.3546,pg_catalog,pg_ts_config_map,0,0,0,0,0,0,0,0,0,0,0,0,0,0,,,,
1415141284.3546,pg_catalog,pg_largeobject_metadata,0,0,0,0,0,0,0,0,0,0,0,0,0,0,,,,
1415141284.3546,pg_catalog,pg_am,17219,17219,0,0,0,0,0,0,0,0,1048,16171,0,0,,,,
1415141284.3546,pg_toast,pg_toast_11722,0,0,0,0,0,0,0,0,0,0,0,0,0,0,,,,
1415141284.3546,public,customer,0,0,,,0,0,0,0,0,0,0,0,,,,,,
1415141284.3546,pg_catalog,pg_ts_template,0,0,0,0,0,0,0,0,0,0,0,0,0,0,,,,
1415141284.3546,pg_catalog,pg_foreign_server,0,0,0,0,0,0,0,0,0,0,0,0,0,0,,,,
1415141284.3546,pg_catalog,pg_namespace,1766,20714,101552,85334,28,0,0,0,28,0,941,86230,2569,117207,,,,
1415141284.3546,pg_toast,pg_toast_2619,0,0,48148,160507,1808,0,1797,0,25,337,14996,61608,1045,100292,,,,
1415141284.3546,public,region,2,10,0,0,5,0,0,0,5,0,1,3,0,0,,,,
1415141284.3546,public,nation,2,50,0,0,25,0,0,0,25,0,1,3,0,0,,,,
1415141284.3546,public,lineitem,0,0,,,0,0,0,0,0,0,0,0,,,,,,
1415141284.3546,pg_catalog,pg_authid,768,768,32494,32494,0,0,0,0,0,0,897,32365,3674,61314,,,,
1415141284.3546,pg_catalog,pg_default_acl,0,0,1728,0,0,0,0,0,0,0,0,0,177,1551,,,,
1415141284.3546,public,partsupp,0,0,,,0,0,0,0,0,0,0,0,,,,,,
1415141284.3546,pg_catalog,pg_shdepend,0,0,2249,451,0,0,0,0,0,0,182,269,724,2361,,,,
1415141284.3546,pg_catalog,pg_constraint,0,0,130,64,66,0,64,0,4,8,40,365,72,654,0,0,0,0
1415141284.3546,pg_catalog,pg_index,4314,498585,170515,243244,294,0,292,0,117,41,4646,230457,4111,194681,,,,
1415141284.3546,pg_catalog,pg_ts_dict,0,0,0,0,0,0,0,0,0,0,0,0,0,0,,,,
1415141284.3546,pg_toast,pg_toast_2604,0,0,0,0,0,0,0,0,0,0,0,0,0,0,,,,
1415141284.3546,pg_toast,pg_toast_11732,0,0,0,0,0,0,0,0,0,0,0,0,0,0,,,,
1415141284.3546,pg_catalog,pg_proc,0,0,159504,235670,0,0,0,0,0,0,17753,160379,12326,337820,0,0,0,0
1415141344.35669,pg_catalog,pg_attrdef,0,0,0,0,0,0,0,0,0,0,0,0,0,0,0,0,0,0
1415141344.35669,pg_catalog,pg_db_role_setting,0,0,70712,0,0,0,0,0,0,0,0,0,1087,69625,0,0,0,0
1415141344.35669,pg_catalog,pg_rowsecurity,0,0,0,0,0,0,0,0,0,0,0,0,0,0,,,,
1415141344.35669,pg_catalog,pg_description,0,0,1862,0,0,0,0,0,0,0,0,0,539,3607,0,0,0,0
1415141344.35669,pg_catalog,pg_foreign_data_wrapper,0,0,0,0,0,0,0,0,0,0,0,0,0,0,,,,
1415141344.35669,pg_catalog,pg_conversion,0,0,0,0,0,0,0,0,0,0,0,0,0,0,,,,
1415141344.35669,information_schema,sql_features,0,0,,,0,0,0,0,0,0,0,0,,,0,0,0,0
1415141344.35669,public,orders,0,0,,,15000000,0,0,0,15000000,0,253333,543656,,,,,,
1415141344.35669,pg_catalog,pg_class,8463,2156580,500513,468339,741,264,714,251,326,74,10688,542508,10239,1032876,,,,
1415141344.35669,pg_catalog,pg_opfamily,0,0,0,0,0,0,0,0,0,0,0,0,0,0,,,,
1415141344.35669,public,time_statistics,0,0,,,1,0,0,0,1,0,1,0,,,,,,
1415141344.35669,pg_catalog,pg_auth_members,0,0,0,0,0,0,0,0,0,0,0,0,0,0,,,,
1415141344.35669,pg_catalog,pg_operator,0,0,119830,586007,0,0,0,0,0,0,11067,400559,7889,256252,,,,
1415141344.35669,information_schema,sql_packages,0,0,,,0,0,0,0,0,0,0,0,,,0,0,0,0
1415141344.35669,pg_catalog,pg_attribute,1265,8625,372735,786275,2805,87,2646,58,2495,337,15803,409291,6650,769795,,,,
1415141344.35669,pg_catalog,pg_tablespace,2,4,12285,12285,0,0,0,0,0,0,988,11299,1999,22621,,,,
1415141344.35669,pg_catalog,pg_statistic,0,0,91430,85880,634,1656,596,1294,439,100,9974,81036,3149,194278,15042,62211,1050,100732
1415141344.35669,pg_catalog,pg_aggregate,0,0,8161,8161,0,0,0,0,0,0,1187,6974,2522,11811,,,,
1415141344.35669,pg_catalog,pg_inherits,0,0,422,0,0,0,0,0,0,0,0,0,185,237,,,,
1415141344.35669,information_schema,sql_sizing,0,0,,,0,0,0,0,0,0,0,0,,,0,0,0,0
1415141344.35669,pg_catalog,pg_enum,0,0,0,0,0,0,0,0,0,0,0,0,0,0,,,,
1415141344.35669,pg_toast,pg_toast_2396,0,0,0,0,0,0,0,0,0,0,0,0,0,0,,,,
1415141344.35669,pg_catalog,pg_pltemplate,0,0,0,0,0,0,0,0,0,0,0,0,0,0,,,,
1415141344.35669,pg_toast,pg_toast_2618,0,0,3571,11416,0,0,0,0,0,0,1495,2830,503,5231,,,,
1415141344.35669,pg_toast,pg_toast_3596,0,0,0,0,0,0,0,0,0,0,0,0,0,0,,,,
1415141344.35669,pg_toast,pg_toast_11747,0,0,0,0,0,0,0,0,0,0,0,0,0,0,,,,
1415141344.35669,pg_toast,pg_toast_11727,0,0,0,0,0,0,0,0,0,0,0,0,0,0,,,,
1415141344.35669,pg_toast,pg_toast_2606,0,0,0,0,0,0,0,0,0,0,0,0,0,0,,,,
1415141344.35669,pg_toast,pg_toast_2964,0,0,0,0,0,0,0,0,0,0,0,0,0,0,,,,
1415141344.35669,pg_catalog,pg_database,2164,8458,60645,60643,1,0,0,0,1,0,750,62058,4603,91367,,,,
1415141344.35669,information_schema,sql_parts,0,0,,,0,0,0,0,0,0,0,0,,,0,0,0,0
1415141344.35669,pg_toast,pg_toast_2620,0,0,0,0,0,0,0,0,0,0,0,0,0,0,,,,
1415141344.35669,pg_toast,pg_toast_11737,0,0,0,0,0,0,0,0,0,0,0,0,0,0,,,,
1415141344.35669,pg_catalog,pg_depend,0,0,17950,19574,3365,0,3302,0,6658,506,2929,22763,4458,46882,,,,
1415141344.35669,pg_catalog,pg_language,0,0,0,0,0,0,0,0,0,0,0,0,0,0,,,,
1415141344.35669,information_schema,sql_implementation_info,0,0,,,0,0,0,0,0,0,0,0,,,0,0,0,0
1415141344.35669,public,part,6,12000000,0,0,2000000,0,0,0,2000000,0,79007,327715,0,0,,,,
1415141344.35669,pg_catalog,pg_amproc,230,460,69554,108898,0,0,0,0,0,0,1234,67594,3279,152783,,,,
1415141344.35669,public,supplier,4,400000,0,0,100000,0,0,0,100000,0,2312,15648,0,0,,,,
1415141344.35669,pg_catalog,pg_collation,0,0,0,0,0,0,0,0,0,0,0,0,0,0,,,,
1415141344.35669,pg_catalog,pg_range,0,0,3393,0,0,0,0,0,0,0,0,0,2331,4455,,,,
1415141344.35669,pg_toast,pg_toast_2609,0,0,0,0,0,0,0,0,0,0,0,0,0,0,,,,
1415141344.35669,pg_catalog,pg_opclass,230,230,94476,1077450,0,0,0,0,0,0,2679,423099,4190,114596,,,,
1415141344.35669,pg_toast,pg_toast_11752,0,0,0,0,0,0,0,0,0,0,0,0,0,0,,,,
1415141344.35669,pg_catalog,pg_rewrite,0,0,6468,5724,248,0,248,0,110,32,2206,5328,1146,9900,1495,2830,1006,10462
1415141344.35669,pg_toast,pg_toast_1255,0,0,0,0,0,0,0,0,0,0,0,0,0,0,,,,
1415141344.35669,pg_catalog,pg_seclabel,0,0,1862,0,0,0,0,0,0,0,0,0,177,1685,0,0,0,0
1415141344.35669,information_schema,sql_languages,0,0,,,0,0,0,0,0,0,0,0,,,0,0,0,0
1415141344.35669,pg_catalog,pg_ts_parser,0,0,0,0,0,0,0,0,0,0,0,0,0,0,,,,
1415141344.35669,pg_catalog,pg_trigger,0,0,0,0,0,0,0,0,0,0,0,0,0,0,0,0,0,0
1415141344.35669,pg_catalog,pg_shseclabel,0,0,0,0,0,0,0,0,0,0,0,0,0,0,,,,
1415141344.35669,pg_catalog,pg_event_trigger,0,0,763,0,0,0,0,0,0,0,0,0,183,580,,,,
1415141344.35669,pg_toast,pg_toast_11742,0,0,0,0,0,0,0,0,0,0,0,0,0,0,,,,
1415141344.35669,pg_catalog,pg_foreign_table,0,0,0,0,0,0,0,0,0,0,0,0,0,0,,,,
1415141344.35669,information_schema,sql_sizing_profiles,0,0,,,0,0,0,0,0,0,0,0,,,0,0,0,0
1415141344.35669,pg_catalog,pg_extension,0,0,0,0,0,0,0,0,0,0,0,0,0,0,,,,
1415141344.35669,pg_catalog,pg_ts_config,0,0,0,0,0,0,0,0,0,0,0,0,0,0,,,,
1415141344.35669,pg_catalog,pg_shdescription,0,0,0,0,0,0,0,0,0,0,0,0,0,0,0,0,0,0
1415141344.35669,pg_catalog,pg_cast,0,0,509912,125954,0,0,0,0,0,0,1823,124131,1797,523959,,,,
1415141344.35669,pg_catalog,pg_amop,0,0,143106,205381,0,0,0,0,0,0,3517,201864,6247,300297,,,,
1415141344.35669,pg_catalog,pg_user_mapping,0,0,0,0,0,0,0,0,0,0,0,0,0,0,,,,
1415141344.35669,pg_catalog,pg_type,0,0,377048,373808,855,0,836,0,360,23,4812,372751,6318,771693,,,,
1415141344.35669,pg_catalog,pg_largeobject,0,0,0,0,0,0,0,0,0,0,0,0,0,0,,,,
1415141344.35669,pg_catalog,pg_ts_config_map,0,0,0,0,0,0,0,0,0,0,0,0,0,0,,,,
1415141344.35669,pg_catalog,pg_largeobject_metadata,0,0,0,0,0,0,0,0,0,0,0,0,0,0,,,,
1415141344.35669,pg_catalog,pg_am,17263,17263,0,0,0,0,0,0,0,0,1048,16215,0,0,,,,
1415141344.35669,pg_toast,pg_toast_11722,0,0,0,0,0,0,0,0,0,0,0,0,0,0,,,,
1415141344.35669,public,customer,6,9000000,0,0,1500000,0,0,0,1500000,0,68533,294857,0,0,,,,
1415141344.35669,pg_catalog,pg_ts_template,0,0,0,0,0,0,0,0,0,0,0,0,0,0,,,,
1415141344.35669,pg_catalog,pg_foreign_server,0,0,0,0,0,0,0,0,0,0,0,0,0,0,,,,
1415141344.35669,pg_catalog,pg_namespace,1768,20782,101735,85488,28,0,0,0,28,0,941,86386,2569,117422,,,,
1415141344.35669,pg_toast,pg_toast_2619,0,0,48191,160529,1977,0,1805,0,182,16,15042,62211,1050,100732,,,,
1415141344.35669,public,region,2,10,0,0,5,0,0,0,5,0,1,3,0,0,,,,
1415141344.35669,public,nation,2,50,0,0,25,0,0,0,25,0,1,3,0,0,,,,
1415141344.35669,public,lineitem,0,0,,,0,0,0,0,0,0,0,0,,,,,,
1415141344.35669,pg_catalog,pg_authid,771,771,32621,32621,0,0,0,0,0,0,898,32494,3678,61564,,,,
1415141344.35669,pg_catalog,pg_default_acl,0,0,1728,0,0,0,0,0,0,0,0,0,177,1551,,,,
1415141344.35669,public,partsupp,3,24000000,0,0,8000000,0,0,0,8000000,0,340611,954509,0,0,,,,
1415141344.35669,pg_catalog,pg_shdepend,0,0,2324,461,0,0,0,0,0,0,183,278,728,2452,,,,
1415141344.35669,pg_catalog,pg_constraint,0,0,134,64,70,0,64,0,8,8,40,381,72,690,0,0,0,0
1415141344.35669,pg_catalog,pg_index,4326,499177,170836,243681,309,0,292,0,132,41,4647,230903,4111,195088,,,,
1415141344.35669,pg_catalog,pg_ts_dict,0,0,0,0,0,0,0,0,0,0,0,0,0,0,,,,
1415141344.35669,pg_toast,pg_toast_2604,0,0,0,0,0,0,0,0,0,0,0,0,0,0,,,,
1415141344.35669,pg_toast,pg_toast_11732,0,0,0,0,0,0,0,0,0,0,0,0,0,0,,,,
1415141344.35669,pg_catalog,pg_proc,0,0,159596,235803,0,0,0,0,0,0,17768,160482,12331,338016,0,0,0,0
1415141404.36141,pg_catalog,pg_attrdef,0,0,0,0,0,0,0,0,0,0,0,0,0,0,0,0,0,0
1415141404.36141,pg_catalog,pg_db_role_setting,0,0,70756,0,0,0,0,0,0,0,0,0,1087,69669,0,0,0,0
1415141404.36141,pg_catalog,pg_rowsecurity,0,0,0,0,0,0,0,0,0,0,0,0,0,0,,,,
1415141404.36141,pg_catalog,pg_description,0,0,1862,0,0,0,0,0,0,0,0,0,539,3607,0,0,0,0
1415141404.36141,pg_catalog,pg_foreign_data_wrapper,0,0,0,0,0,0,0,0,0,0,0,0,0,0,,,,
1415141404.36141,pg_catalog,pg_conversion,0,0,0,0,0,0,0,0,0,0,0,0,0,0,,,,
1415141404.36141,information_schema,sql_features,0,0,,,0,0,0,0,0,0,0,0,,,0,0,0,0
1415141404.36141,public,orders,4,60000000,0,0,15000000,0,0,0,15000000,0,504554,1558780,0,0,,,,
1415141404.36141,pg_catalog,pg_class,8474,2159866,500928,468744,744,264,714,251,329,74,10688,543056,10239,1033751,,,,
1415141404.36141,pg_catalog,pg_opfamily,0,0,0,0,0,0,0,0,0,0,0,0,0,0,,,,
1415141404.36141,public,time_statistics,0,0,,,1,0,0,0,1,0,1,0,,,,,,
1415141404.36141,pg_catalog,pg_auth_members,0,0,0,0,0,0,0,0,0,0,0,0,0,0,,,,
1415141404.36141,pg_catalog,pg_operator,0,0,119855,586032,0,0,0,0,0,0,11067,400584,7889,256314,,,,
1415141404.36141,information_schema,sql_packages,0,0,,,0,0,0,0,0,0,0,0,,,0,0,0,0
1415141404.36141,pg_catalog,pg_attribute,1265,8625,373023,786849,2810,88,2646,59,2500,338,15803,409605,6650,770405,,,,
1415141404.36141,pg_catalog,pg_tablespace,2,4,12290,12290,0,0,0,0,0,0,988,11304,1999,22631,,,,
1415141404.36141,pg_catalog,pg_statistic,0,0,91471,85904,643,1656,596,1294,448,100,9974,81072,3149,194386,15042,62280,1050,100839
1415141404.36141,pg_catalog,pg_aggregate,0,0,8162,8162,0,0,0,0,0,0,1187,6975,2522,11813,,,,
1415141404.36141,pg_catalog,pg_inherits,0,0,422,0,0,0,0,0,0,0,0,0,185,237,,,,
1415141404.36141,information_schema,sql_sizing,0,0,,,0,0,0,0,0,0,0,0,,,0,0,0,0
1415141404.36141,pg_catalog,pg_enum,0,0,0,0,0,0,0,0,0,0,0,0,0,0,,,,
1415141404.36141,pg_toast,pg_toast_2396,0,0,0,0,0,0,0,0,0,0,0,0,0,0,,,,
1415141404.36141,pg_catalog,pg_pltemplate,0,0,0,0,0,0,0,0,0,0,0,0,0,0,,,,
1415141404.36141,pg_toast,pg_toast_2618,0,0,3577,11434,0,0,0,0,0,0,1495,2837,503,5241,,,,
1415141404.36141,pg_toast,pg_toast_3596,0,0,0,0,0,0,0,0,0,0,0,0,0,0,,,,
1415141404.36141,pg_toast,pg_toast_11747,0,0,0,0,0,0,0,0,0,0,0,0,0,0,,,,
1415141404.36141,pg_toast,pg_toast_11727,0,0,0,0,0,0,0,0,0,0,0,0,0,0,,,,
1415141404.36141,pg_toast,pg_toast_2606,0,0,0,0,0,0,0,0,0,0,0,0,0,0,,,,
1415141404.36141,pg_toast,pg_toast_2964,0,0,0,0,0,0,0,0,0,0,0,0,0,0,,,,
1415141404.36141,pg_catalog,pg_database,2167,8470,60689,60687,1,0,0,0,1,0,750,62105,4603,91433,,,,
1415141404.36141,information_schema,sql_parts,0,0,,,0,0,0,0,0,0,0,0,,,0,0,0,0
1415141404.36141,pg_toast,pg_toast_2620,0,0,0,0,0,0,0,0,0,0,0,0,0,0,,,,
1415141404.36141,pg_toast,pg_toast_11737,0,0,0,0,0,0,0,0,0,0,0,0,0,0,,,,
1415141404.36141,pg_catalog,pg_depend,0,0,17961,19584,3371,0,3302,0,6664,506,2929,22788,4458,46934,,,,
1415141404.36141,pg_catalog,pg_language,0,0,0,0,0,0,0,0,0,0,0,0,0,0,,,,
1415141404.36141,information_schema,sql_implementation_info,0,0,,,0,0,0,0,0,0,0,0,,,0,0,0,0
1415141404.36141,public,part,6,12000000,0,0,2000000,0,0,0,2000000,0,79007,327715,0,0,,,,
1415141404.36141,pg_catalog,pg_amproc,230,460,69592,108956,0,0,0,0,0,0,1234,67631,3279,152866,,,,
1415141404.36141,public,supplier,4,400000,0,0,100000,0,0,0,100000,0,2312,15648,0,0,,,,
1415141404.36141,pg_catalog,pg_collation,0,0,0,0,0,0,0,0,0,0,0,0,0,0,,,,
1415141404.36141,pg_catalog,pg_range,0,0,3393,0,0,0,0,0,0,0,0,0,2331,4455,,,,
1415141404.36141,pg_toast,pg_toast_2609,0,0,0,0,0,0,0,0,0,0,0,0,0,0,,,,
1415141404.36141,pg_catalog,pg_opclass,230,230,94529,1078181,0,0,0,0,0,0,2679,423352,4190,114664,,,,
1415141404.36141,pg_toast,pg_toast_11752,0,0,0,0,0,0,0,0,0,0,0,0,0,0,,,,
1415141404.36141,pg_catalog,pg_rewrite,0,0,6477,5733,248,0,248,0,110,32,2206,5337,1146,9916,1495,2837,1006,10482
1415141404.36141,pg_toast,pg_toast_1255,0,0,0,0,0,0,0,0,0,0,0,0,0,0,,,,
1415141404.36141,pg_catalog,pg_seclabel,0,0,1862,0,0,0,0,0,0,0,0,0,177,1685,0,0,0,0
1415141404.36141,information_schema,sql_languages,0,0,,,0,0,0,0,0,0,0,0,,,0,0,0,0
1415141404.36141,pg_catalog,pg_ts_parser,0,0,0,0,0,0,0,0,0,0,0,0,0,0,,,,
1415141404.36141,pg_catalog,pg_trigger,0,0,0,0,0,0,0,0,0,0,0,0,0,0,0,0,0,0
1415141404.36141,pg_catalog,pg_shseclabel,0,0,0,0,0,0,0,0,0,0,0,0,0,0,,,,
1415141404.36141,pg_catalog,pg_event_trigger,0,0,766,0,0,0,0,0,0,0,0,0,183,583,,,,
1415141404.36141,pg_toast,pg_toast_11742,0,0,0,0,0,0,0,0,0,0,0,0,0,0,,,,
1415141404.36141,pg_catalog,pg_foreign_table,0,0,0,0,0,0,0,0,0,0,0,0,0,0,,,,
1415141404.36141,information_schema,sql_sizing_profiles,0,0,,,0,0,0,0,0,0,0,0,,,0,0,0,0
1415141404.36141,pg_catalog,pg_extension,0,0,0,0,0,0,0,0,0,0,0,0,0,0,,,,
1415141404.36141,pg_catalog,pg_ts_config,0,0,0,0,0,0,0,0,0,0,0,0,0,0,,,,
1415141404.36141,pg_catalog,pg_shdescription,0,0,0,0,0,0,0,0,0,0,0,0,0,0,0,0,0,0
1415141404.36141,pg_catalog,pg_cast,0,0,510141,126025,0,0,0,0,0,0,1823,124202,1797,524199,,,,
1415141404.36141,pg_catalog,pg_amop,0,0,143175,205463,0,0,0,0,0,0,3517,201946,6247,300449,,,,
1415141404.36141,pg_catalog,pg_user_mapping,0,0,0,0,0,0,0,0,0,0,0,0,0,0,,,,
1415141404.36141,pg_catalog,pg_type,0,0,377187,373947,855,0,836,0,360,23,4812,372890,6318,771982,,,,
1415141404.36141,pg_catalog,pg_largeobject,0,0,0,0,0,0,0,0,0,0,0,0,0,0,,,,
1415141404.36141,pg_catalog,pg_ts_config_map,0,0,0,0,0,0,0,0,0,0,0,0,0,0,,,,
1415141404.36141,pg_catalog,pg_largeobject_metadata,0,0,0,0,0,0,0,0,0,0,0,0,0,0,,,,
1415141404.36141,pg_catalog,pg_am,17273,17273,0,0,0,0,0,0,0,0,1048,16225,0,0,,,,
1415141404.36141,pg_toast,pg_toast_11722,0,0,0,0,0,0,0,0,0,0,0,0,0,0,,,,
1415141404.36141,public,customer,6,9000000,0,0,1500000,0,0,0,1500000,0,68533,294857,0,0,,,,
1415141404.36141,pg_catalog,pg_ts_template,0,0,0,0,0,0,0,0,0,0,0,0,0,0,,,,
1415141404.36141,pg_catalog,pg_foreign_server,0,0,0,0,0,0,0,0,0,0,0,0,0,0,,,,
1415141404.36141,pg_catalog,pg_namespace,1770,20850,101897,85639,28,0,0,0,28,0,941,86539,2569,117598,,,,
1415141404.36141,pg_toast,pg_toast_2619,0,0,48205,160537,2014,0,1805,0,219,16,15042,62280,1050,100839,,,,
1415141404.36141,public,region,2,10,0,0,5,0,0,0,5,0,1,3,0,0,,,,
1415141404.36141,public,nation,2,50,0,0,25,0,0,0,25,0,1,3,0,0,,,,
1415141404.36141,public,lineitem,0,0,,,0,0,0,0,0,0,0,0,,,,,,
1415141404.36141,pg_catalog,pg_authid,772,772,32639,32639,0,0,0,0,0,0,898,32513,3678,61600,,,,
1415141404.36141,pg_catalog,pg_default_acl,0,0,1728,0,0,0,0,0,0,0,0,0,177,1551,,,,
1415141404.36141,public,partsupp,3,24000000,0,0,8000000,0,0,0,8000000,0,340611,954509,0,0,,,,
1415141404.36141,pg_catalog,pg_shdepend,0,0,2324,461,0,0,0,0,0,0,183,278,728,2452,,,,
1415141404.36141,pg_catalog,pg_constraint,0,0,135,64,71,0,64,0,9,8,40,385,72,699,0,0,0,0
1415141404.36141,pg_catalog,pg_index,4331,499837,170931,243812,312,0,292,0,135,41,4647,231046,4111,195207,,,,
1415141404.36141,pg_catalog,pg_ts_dict,0,0,0,0,0,0,0,0,0,0,0,0,0,0,,,,
1415141404.36141,pg_toast,pg_toast_2604,0,0,0,0,0,0,0,0,0,0,0,0,0,0,,,,
1415141404.36141,pg_toast,pg_toast_11732,0,0,0,0,0,0,0,0,0,0,0,0,0,0,,,,
1415141404.36141,pg_catalog,pg_proc,0,0,159686,235942,0,0,0,0,0,0,17768,160600,12331,338210,0,0,0,0
1415141464.366,pg_catalog,pg_attrdef,0,0,0,0,0,0,0,0,0,0,0,0,0,0,0,0,0,0
1415141464.366,pg_catalog,pg_db_role_setting,0,0,70784,0,0,0,0,0,0,0,0,0,1087,69697,0,0,0,0
1415141464.366,pg_catalog,pg_rowsecurity,0,0,0,0,0,0,0,0,0,0,0,0,0,0,,,,
1415141464.366,pg_catalog,pg_description,0,0,1862,0,0,0,0,0,0,0,0,0,539,3607,0,0,0,0
1415141464.366,pg_catalog,pg_foreign_data_wrapper,0,0,0,0,0,0,0,0,0,0,0,0,0,0,,,,
1415141464.366,pg_catalog,pg_conversion,0,0,0,0,0,0,0,0,0,0,0,0,0,0,,,,
1415141464.366,information_schema,sql_features,0,0,,,0,0,0,0,0,0,0,0,,,0,0,0,0
1415141464.366,public,orders,4,60000000,0,0,15000000,0,0,0,15000000,0,504554,1558780,0,0,,,,
1415141464.366,pg_catalog,pg_class,8483,2162515,501245,469061,744,264,714,251,329,74,10688,543473,10239,1034398,,,,
1415141464.366,pg_catalog,pg_opfamily,0,0,0,0,0,0,0,0,0,0,0,0,0,0,,,,
1415141464.366,public,time_statistics,0,0,,,1,0,0,0,1,0,1,0,,,,,,
1415141464.366,pg_catalog,pg_auth_members,0,0,0,0,0,0,0,0,0,0,0,0,0,0,,,,
1415141464.366,pg_catalog,pg_operator,0,0,119869,586046,0,0,0,0,0,0,11067,400598,7889,256347,,,,
1415141464.366,information_schema,sql_packages,0,0,,,0,0,0,0,0,0,0,0,,,0,0,0,0
1415141464.366,pg_catalog,pg_attribute,1265,8625,373200,787120,2810,88,2646,59,2500,338,15803,409789,6650,770765,,,,
1415141464.366,pg_catalog,pg_tablespace,2,4,12295,12295,0,0,0,0,0,0,988,11309,1999,22641,,,,
1415141464.366,pg_catalog,pg_statistic,0,0,91489,85918,643,1656,596,1294,448,100,9974,81086,3149,194425,15042,62282,1050,100845
1415141464.366,pg_catalog,pg_aggregate,0,0,8163,8163,0,0,0,0,0,0,1187,6976,2522,11815,,,,
1415141464.366,pg_catalog,pg_inherits,0,0,422,0,0,0,0,0,0,0,0,0,185,237,,,,
1415141464.366,information_schema,sql_sizing,0,0,,,0,0,0,0,0,0,0,0,,,0,0,0,0
1415141464.366,pg_catalog,pg_enum,0,0,0,0,0,0,0,0,0,0,0,0,0,0,,,,
1415141464.366,pg_toast,pg_toast_2396,0,0,0,0,0,0,0,0,0,0,0,0,0,0,,,,
1415141464.366,pg_catalog,pg_pltemplate,0,0,0,0,0,0,0,0,0,0,0,0,0,0,,,,
1415141464.366,pg_toast,pg_toast_2618,0,0,3581,11448,0,0,0,0,0,0,1495,2842,503,5247,,,,
1415141464.366,pg_toast,pg_toast_3596,0,0,0,0,0,0,0,0,0,0,0,0,0,0,,,,
1415141464.366,pg_toast,pg_toast_11747,0,0,0,0,0,0,0,0,0,0,0,0,0,0,,,,
1415141464.366,pg_toast,pg_toast_11727,0,0,0,0,0,0,0,0,0,0,0,0,0,0,,,,
1415141464.366,pg_toast,pg_toast_2606,0,0,0,0,0,0,0,0,0,0,0,0,0,0,,,,
1415141464.366,pg_toast,pg_toast_2964,0,0,0,0,0,0,0,0,0,0,0,0,0,0,,,,
1415141464.366,pg_catalog,pg_database,2170,8482,60717,60715,1,0,0,0,1,0,750,62136,4603,91475,,,,
1415141464.366,information_schema,sql_parts,0,0,,,0,0,0,0,0,0,0,0,,,0,0,0,0
1415141464.366,pg_toast,pg_toast_2620,0,0,0,0,0,0,0,0,0,0,0,0,0,0,,,,
1415141464.366,pg_toast,pg_toast_11737,0,0,0,0,0,0,0,0,0,0,0,0,0,0,,,,
1415141464.366,pg_catalog,pg_depend,0,0,17961,19584,3371,0,3302,0,6664,506,2929,22788,4458,46934,,,,
1415141464.366,pg_catalog,pg_language,0,0,0,0,0,0,0,0,0,0,0,0,0,0,,,,
1415141464.366,information_schema,sql_implementation_info,0,0,,,0,0,0,0,0,0,0,0,,,0,0,0,0
1415141464.366,public,part,6,12000000,0,0,2000000,0,0,0,2000000,0,79007,327715,0,0,,,,
1415141464.366,pg_catalog,pg_amproc,230,460,69603,108975,0,0,0,0,0,0,1234,67642,3279,152894,,,,
1415141464.366,public,supplier,4,400000,0,0,100000,0,0,0,100000,0,2312,15648,0,0,,,,
1415141464.366,pg_catalog,pg_collation,0,0,0,0,0,0,0,0,0,0,0,0,0,0,,,,
1415141464.366,pg_catalog,pg_range,0,0,3393,0,0,0,0,0,0,0,0,0,2331,4455,,,,
1415141464.366,pg_toast,pg_toast_2609,0,0,0,0,0,0,0,0,0,0,0,0,0,0,,,,
1415141464.366,pg_catalog,pg_opclass,230,230,94541,1078279,0,0,0,0,0,0,2679,423388,4190,114684,,,,
1415141464.366,pg_toast,pg_toast_11752,0,0,0,0,0,0,0,0,0,0,0,0,0,0,,,,
1415141464.366,pg_catalog,pg_rewrite,0,0,6482,5738,248,0,248,0,110,32,2206,5342,1146,9924,1495,2842,1006,10494
1415141464.366,pg_toast,pg_toast_1255,0,0,0,0,0,0,0,0,0,0,0,0,0,0,,,,
1415141464.366,pg_catalog,pg_seclabel,0,0,1862,0,0,0,0,0,0,0,0,0,177,1685,0,0,0,0
1415141464.366,information_schema,sql_languages,0,0,,,0,0,0,0,0,0,0,0,,,0,0,0,0
1415141464.366,pg_catalog,pg_ts_parser,0,0,0,0,0,0,0,0,0,0,0,0,0,0,,,,
1415141464.366,pg_catalog,pg_trigger,0,0,0,0,0,0,0,0,0,0,0,0,0,0,0,0,0,0
1415141464.366,pg_catalog,pg_shseclabel,0,0,0,0,0,0,0,0,0,0,0,0,0,0,,,,
1415141464.366,pg_catalog,pg_event_trigger,0,0,766,0,0,0,0,0,0,0,0,0,183,583,,,,
1415141464.366,pg_toast,pg_toast_11742,0,0,0,0,0,0,0,0,0,0,0,0,0,0,,,,
1415141464.366,pg_catalog,pg_foreign_table,0,0,0,0,0,0,0,0,0,0,0,0,0,0,,,,
1415141464.366,information_schema,sql_sizing_profiles,0,0,,,0,0,0,0,0,0,0,0,,,0,0,0,0
1415141464.366,pg_catalog,pg_extension,0,0,0,0,0,0,0,0,0,0,0,0,0,0,,,,
1415141464.366,pg_catalog,pg_ts_config,0,0,0,0,0,0,0,0,0,0,0,0,0,0,,,,
1415141464.366,pg_catalog,pg_shdescription,0,0,0,0,0,0,0,0,0,0,0,0,0,0,0,0,0,0
1415141464.366,pg_catalog,pg_cast,0,0,510174,126042,0,0,0,0,0,0,1823,124219,1797,524235,,,,
1415141464.366,pg_catalog,pg_amop,0,0,143192,205484,0,0,0,0,0,0,3517,201967,6247,300487,,,,
1415141464.366,pg_catalog,pg_user_mapping,0,0,0,0,0,0,0,0,0,0,0,0,0,0,,,,
1415141464.366,pg_catalog,pg_type,0,0,377243,374003,855,0,836,0,360,23,4812,372946,6318,772097,,,,
1415141464.366,pg_catalog,pg_largeobject,0,0,0,0,0,0,0,0,0,0,0,0,0,0,,,,
1415141464.366,pg_catalog,pg_ts_config_map,0,0,0,0,0,0,0,0,0,0,0,0,0,0,,,,
1415141464.366,pg_catalog,pg_largeobject_metadata,0,0,0,0,0,0,0,0,0,0,0,0,0,0,,,,
1415141464.366,pg_catalog,pg_am,17279,17279,0,0,0,0,0,0,0,0,1048,16231,0,0,,,,
1415141464.366,pg_toast,pg_toast_11722,0,0,0,0,0,0,0,0,0,0,0,0,0,0,,,,
1415141464.366,public,customer,6,9000000,0,0,1500000,0,0,0,1500000,0,68533,294857,0,0,,,,
1415141464.366,pg_catalog,pg_ts_template,0,0,0,0,0,0,0,0,0,0,0,0,0,0,,,,
1415141464.366,pg_catalog,pg_foreign_server,0,0,0,0,0,0,0,0,0,0,0,0,0,0,,,,
1415141464.366,pg_catalog,pg_namespace,1772,20918,102041,85780,28,0,0,0,28,0,941,86682,2569,117747,,,,
1415141464.366,pg_toast,pg_toast_2619,0,0,48207,160541,2014,0,1805,0,219,16,15042,62282,1050,100845,,,,
1415141464.366,public,region,2,10,0,0,5,0,0,0,5,0,1,3,0,0,,,,
1415141464.366,public,nation,2,50,0,0,25,0,0,0,25,0,1,3,0,0,,,,
1415141464.366,public,lineitem,0,0,,,0,0,0,0,0,0,0,0,,,,,,
1415141464.366,pg_catalog,pg_authid,773,773,32649,32649,0,0,0,0,0,0,898,32524,3678,61620,,,,
1415141464.366,pg_catalog,pg_default_acl,0,0,1728,0,0,0,0,0,0,0,0,0,177,1551,,,,
1415141464.366,public,partsupp,3,24000000,0,0,8000000,0,0,0,8000000,0,340611,954509,0,0,,,,
1415141464.366,pg_catalog,pg_shdepend,0,0,2324,461,0,0,0,0,0,0,183,278,728,2452,,,,
1415141464.366,pg_catalog,pg_constraint,0,0,135,64,71,0,64,0,9,8,40,385,72,699,0,0,0,0
1415141464.366,pg_catalog,pg_index,4336,500512,170965,243855,312,0,292,0,135,41,4647,231115,4111,195250,,,,
1415141464.366,pg_catalog,pg_ts_dict,0,0,0,0,0,0,0,0,0,0,0,0,0,0,,,,
1415141464.366,pg_toast,pg_toast_2604,0,0,0,0,0,0,0,0,0,0,0,0,0,0,,,,
1415141464.366,pg_toast,pg_toast_11732,0,0,0,0,0,0,0,0,0,0,0,0,0,0,,,,
1415141464.366,pg_catalog,pg_proc,0,0,159752,236029,0,0,0,0,0,0,17768,160678,12331,338348,0,0,0,0
1415141524.36836,pg_catalog,pg_attrdef,0,0,0,0,0,0,0,0,0,0,0,0,0,0,0,0,0,0
1415141524.36836,pg_catalog,pg_db_role_setting,0,0,70812,0,0,0,0,0,0,0,0,0,1087,69725,0,0,0,0
1415141524.36836,pg_catalog,pg_rowsecurity,0,0,0,0,0,0,0,0,0,0,0,0,0,0,,,,
1415141524.36836,pg_catalog,pg_description,0,0,1862,0,0,0,0,0,0,0,0,0,539,3607,0,0,0,0
1415141524.36836,pg_catalog,pg_foreign_data_wrapper,0,0,0,0,0,0,0,0,0,0,0,0,0,0,,,,
1415141524.36836,pg_catalog,pg_conversion,0,0,0,0,0,0,0,0,0,0,0,0,0,0,,,,
1415141524.36836,information_schema,sql_features,0,0,,,0,0,0,0,0,0,0,0,,,0,0,0,0
1415141524.36836,public,orders,4,60000000,0,0,15000000,0,0,0,15000000,0,504554,1558780,0,0,,,,
1415141524.36836,pg_catalog,pg_class,8493,2165493,501579,469395,744,264,714,251,329,74,10688,543918,10239,1035082,,,,
1415141524.36836,pg_catalog,pg_opfamily,0,0,0,0,0,0,0,0,0,0,0,0,0,0,,,,
1415141524.36836,public,time_statistics,0,0,,,1,0,0,0,1,0,1,0,,,,,,
1415141524.36836,pg_catalog,pg_auth_members,0,0,0,0,0,0,0,0,0,0,0,0,0,0,,,,
1415141524.36836,pg_catalog,pg_operator,0,0,119886,586063,0,0,0,0,0,0,11067,400615,7889,256389,,,,
1415141524.36836,information_schema,sql_packages,0,0,,,0,0,0,0,0,0,0,0,,,0,0,0,0
1415141524.36836,pg_catalog,pg_attribute,1265,8625,373406,787458,2810,88,2646,59,2500,338,15803,410002,6650,771185,,,,
1415141524.36836,pg_catalog,pg_tablespace,2,4,12300,12300,0,0,0,0,0,0,988,11314,1999,22651,,,,
1415141524.36836,pg_catalog,pg_statistic,0,0,91514,85937,643,1656,596,1294,448,100,9974,81105,3149,194480,15042,62285,1050,100854
1415141524.36836,pg_catalog,pg_aggregate,0,0,8164,8164,0,0,0,0,0,0,1187,6977,2522,11817,,,,
1415141524.36836,pg_catalog,pg_inherits,0,0,422,0,0,0,0,0,0,0,0,0,185,237,,,,
1415141524.36836,information_schema,sql_sizing,0,0,,,0,0,0,0,0,0,0,0,,,0,0,0,0
1415141524.36836,pg_catalog,pg_enum,0,0,0,0,0,0,0,0,0,0,0,0,0,0,,,,
1415141524.36836,pg_toast,pg_toast_2396,0,0,0,0,0,0,0,0,0,0,0,0,0,0,,,,
1415141524.36836,pg_catalog,pg_pltemplate,0,0,0,0,0,0,0,0,0,0,0,0,0,0,,,,
1415141524.36836,pg_toast,pg_toast_2618,0,0,3586,11464,0,0,0,0,0,0,1495,2848,503,5255,,,,
1415141524.36836,pg_toast,pg_toast_3596,0,0,0,0,0,0,0,0,0,0,0,0,0,0,,,,
1415141524.36836,pg_toast,pg_toast_11747,0,0,0,0,0,0,0,0,0,0,0,0,0,0,,,,
1415141524.36836,pg_toast,pg_toast_11727,0,0,0,0,0,0,0,0,0,0,0,0,0,0,,,,
1415141524.36836,pg_toast,pg_toast_2606,0,0,0,0,0,0,0,0,0,0,0,0,0,0,,,,
1415141524.36836,pg_toast,pg_toast_2964,0,0,0,0,0,0,0,0,0,0,0,0,0,0,,,,
1415141524.36836,pg_catalog,pg_database,2173,8494,60746,60744,1,0,0,0,1,0,750,62168,4603,91518,,,,
1415141524.36836,information_schema,sql_parts,0,0,,,0,0,0,0,0,0,0,0,,,0,0,0,0
1415141524.36836,pg_toast,pg_toast_2620,0,0,0,0,0,0,0,0,0,0,0,0,0,0,,,,
1415141524.36836,pg_toast,pg_toast_11737,0,0,0,0,0,0,0,0,0,0,0,0,0,0,,,,
1415141524.36836,pg_catalog,pg_depend,0,0,17961,19584,3371,0,3302,0,6664,506,2929,22788,4458,46934,,,,
1415141524.36836,pg_catalog,pg_language,0,0,0,0,0,0,0,0,0,0,0,0,0,0,,,,
1415141524.36836,information_schema,sql_implementation_info,0,0,,,0,0,0,0,0,0,0,0,,,0,0,0,0
1415141524.36836,public,part,6,12000000,0,0,2000000,0,0,0,2000000,0,79007,327715,0,0,,,,
1415141524.36836,pg_catalog,pg_amproc,230,460,69620,109002,0,0,0,0,0,0,1234,67659,3279,152934,,,,
1415141524.36836,public,supplier,4,400000,0,0,100000,0,0,0,100000,0,2312,15648,0,0,,,,
1415141524.36836,pg_catalog,pg_collation,0,0,0,0,0,0,0,0,0,0,0,0,0,0,,,,
1415141524.36836,pg_catalog,pg_range,0,0,3393,0,0,0,0,0,0,0,0,0,2331,4455,,,,
1415141524.36836,pg_toast,pg_toast_2609,0,0,0,0,0,0,0,0,0,0,0,0,0,0,,,,
1415141524.36836,pg_catalog,pg_opclass,230,230,94559,1078464,0,0,0,0,0,0,2679,423458,4190,114711,,,,
1415141524.36836,pg_toast,pg_toast_11752,0,0,0,0,0,0,0,0,0,0,0,0,0,0,,,,
1415141524.36836,pg_catalog,pg_rewrite,0,0,6489,5745,248,0,248,0,110,32,2206,5349,1146,9936,1495,2848,1006,10510
1415141524.36836,pg_toast,pg_toast_1255,0,0,0,0,0,0,0,0,0,0,0,0,0,0,,,,
1415141524.36836,pg_catalog,pg_seclabel,0,0,1862,0,0,0,0,0,0,0,0,0,177,1685,0,0,0,0
1415141524.36836,information_schema,sql_languages,0,0,,,0,0,0,0,0,0,0,0,,,0,0,0,0
1415141524.36836,pg_catalog,pg_ts_parser,0,0,0,0,0,0,0,0,0,0,0,0,0,0,,,,
1415141524.36836,pg_catalog,pg_trigger,0,0,0,0,0,0,0,0,0,0,0,0,0,0,0,0,0,0
1415141524.36836,pg_catalog,pg_shseclabel,0,0,0,0,0,0,0,0,0,0,0,0,0,0,,,,
1415141524.36836,pg_catalog,pg_event_trigger,0,0,766,0,0,0,0,0,0,0,0,0,183,583,,,,
1415141524.36836,pg_toast,pg_toast_11742,0,0,0,0,0,0,0,0,0,0,0,0,0,0,,,,
1415141524.36836,pg_catalog,pg_foreign_table,0,0,0,0,0,0,0,0,0,0,0,0,0,0,,,,
1415141524.36836,information_schema,sql_sizing_profiles,0,0,,,0,0,0,0,0,0,0,0,,,0,0,0,0
1415141524.36836,pg_catalog,pg_extension,0,0,0,0,0,0,0,0,0,0,0,0,0,0,,,,
1415141524.36836,pg_catalog,pg_ts_config,0,0,0,0,0,0,0,0,0,0,0,0,0,0,,,,
1415141524.36836,pg_catalog,pg_shdescription,0,0,0,0,0,0,0,0,0,0,0,0,0,0,0,0,0,0
1415141524.36836,pg_catalog,pg_cast,0,0,510243,126070,0,0,0,0,0,0,1823,124247,1797,524309,,,,
1415141524.36836,pg_catalog,pg_amop,0,0,143225,205525,0,0,0,0,0,0,3517,202008,6247,300561,,,,
1415141524.36836,pg_catalog,pg_user_mapping,0,0,0,0,0,0,0,0,0,0,0,0,0,0,,,,
1415141524.36836,pg_catalog,pg_type,0,0,377335,374095,855,0,836,0,360,23,4812,373038,6318,772286,,,,
1415141524.36836,pg_catalog,pg_largeobject,0,0,0,0,0,0,0,0,0,0,0,0,0,0,,,,
1415141524.36836,pg_catalog,pg_ts_config_map,0,0,0,0,0,0,0,0,0,0,0,0,0,0,,,,
1415141524.36836,pg_catalog,pg_largeobject_metadata,0,0,0,0,0,0,0,0,0,0,0,0,0,0,,,,
1415141524.36836,pg_catalog,pg_am,17285,17285,0,0,0,0,0,0,0,0,1048,16237,0,0,,,,
1415141524.36836,pg_toast,pg_toast_11722,0,0,0,0,0,0,0,0,0,0,0,0,0,0,,,,
1415141524.36836,public,customer,6,9000000,0,0,1500000,0,0,0,1500000,0,68533,294857,0,0,,,,
1415141524.36836,pg_catalog,pg_ts_template,0,0,0,0,0,0,0,0,0,0,0,0,0,0,,,,
1415141524.36836,pg_catalog,pg_foreign_server,0,0,0,0,0,0,0,0,0,0,0,0,0,0,,,,
1415141524.36836,pg_catalog,pg_namespace,1774,20986,102191,85925,28,0,0,0,28,0,941,86829,2569,117904,,,,
1415141524.36836,pg_toast,pg_toast_2619,0,0,48210,160547,2014,0,1805,0,219,16,15042,62285,1050,100854,,,,
1415141524.36836,public,region,2,10,0,0,5,0,0,0,5,0,1,3,0,0,,,,
1415141524.36836,public,nation,2,50,0,0,25,0,0,0,25,0,1,3,0,0,,,,
1415141524.36836,public,lineitem,0,0,,,0,0,0,0,0,0,0,0,,,,,,
1415141524.36836,pg_catalog,pg_authid,774,774,32659,32659,0,0,0,0,0,0,898,32535,3678,61640,,,,
1415141524.36836,pg_catalog,pg_default_acl,0,0,1728,0,0,0,0,0,0,0,0,0,177,1551,,,,
1415141524.36836,public,partsupp,3,24000000,0,0,8000000,0,0,0,8000000,0,340611,954509,0,0,,,,
1415141524.36836,pg_catalog,pg_shdepend,0,0,2324,461,0,0,0,0,0,0,183,278,728,2452,,,,
1415141524.36836,pg_catalog,pg_constraint,0,0,135,64,71,0,64,0,9,8,40,385,72,699,0,0,0,0
1415141524.36836,pg_catalog,pg_index,4341,501187,171009,243912,312,0,292,0,135,41,4647,231194,4111,195305,,,,
1415141524.36836,pg_catalog,pg_ts_dict,0,0,0,0,0,0,0,0,0,0,0,0,0,0,,,,
1415141524.36836,pg_toast,pg_toast_2604,0,0,0,0,0,0,0,0,0,0,0,0,0,0,,,,
1415141524.36836,pg_toast,pg_toast_11732,0,0,0,0,0,0,0,0,0,0,0,0,0,0,,,,
1415141524.36836,pg_catalog,pg_proc,0,0,159830,236142,0,0,0,0,0,0,17768,160776,12331,338514,0,0,0,0
1415141584.37087,pg_catalog,pg_attrdef,0,0,0,0,0,0,0,0,0,0,0,0,0,0,0,0,0,0
1415141584.37087,pg_catalog,pg_db_role_setting,0,0,70872,0,0,0,0,0,0,0,0,0,1087,69785,0,0,0,0
1415141584.37087,pg_catalog,pg_rowsecurity,0,0,0,0,0,0,0,0,0,0,0,0,0,0,,,,
1415141584.37087,pg_catalog,pg_description,0,0,1862,0,0,0,0,0,0,0,0,0,539,3607,0,0,0,0
1415141584.37087,pg_catalog,pg_foreign_data_wrapper,0,0,0,0,0,0,0,0,0,0,0,0,0,0,,,,
1415141584.37087,pg_catalog,pg_conversion,0,0,0,0,0,0,0,0,0,0,0,0,0,0,,,,
1415141584.37087,information_schema,sql_features,0,0,,,0,0,0,0,0,0,0,0,,,0,0,0,0
1415141584.37087,public,orders,4,60000000,0,0,15000000,0,0,0,15000000,0,504554,1558780,0,0,,,,
1415141584.37087,pg_catalog,pg_class,8503,2168471,501933,469748,744,264,714,251,329,74,10688,544382,10239,1035815,,,,
1415141584.37087,pg_catalog,pg_opfamily,0,0,0,0,0,0,0,0,0,0,0,0,0,0,,,,
1415141584.37087,public,time_statistics,0,0,,,1,0,0,0,1,0,1,0,,,,,,
1415141584.37087,pg_catalog,pg_auth_members,0,0,0,0,0,0,0,0,0,0,0,0,0,0,,,,
1415141584.37087,pg_catalog,pg_operator,0,0,119903,586080,0,0,0,0,0,0,11067,400632,7889,256431,,,,
1415141584.37087,information_schema,sql_packages,0,0,,,0,0,0,0,0,0,0,0,,,0,0,0,0
1415141584.37087,pg_catalog,pg_attribute,1265,8625,373629,787852,2810,88,2646,59,2500,338,15803,410240,6650,771647,,,,
1415141584.37087,pg_catalog,pg_tablespace,2,4,12305,12305,0,0,0,0,0,0,988,11319,1999,22661,,,,
1415141584.37087,pg_catalog,pg_statistic,0,0,91539,85956,643,1656,596,1294,448,100,9974,81124,3149,194535,15042,62288,1050,100863
1415141584.37087,pg_catalog,pg_aggregate,0,0,8165,8165,0,0,0,0,0,0,1187,6978,2522,11819,,,,
1415141584.37087,pg_catalog,pg_inherits,0,0,422,0,0,0,0,0,0,0,0,0,185,237,,,,
1415141584.37087,information_schema,sql_sizing,0,0,,,0,0,0,0,0,0,0,0,,,0,0,0,0
1415141584.37087,pg_catalog,pg_enum,0,0,0,0,0,0,0,0,0,0,0,0,0,0,,,,
1415141584.37087,pg_toast,pg_toast_2396,0,0,0,0,0,0,0,0,0,0,0,0,0,0,,,,
1415141584.37087,pg_catalog,pg_pltemplate,0,0,0,0,0,0,0,0,0,0,0,0,0,0,,,,
1415141584.37087,pg_toast,pg_toast_2618,0,0,3591,11480,0,0,0,0,0,0,1495,2854,503,5263,,,,
1415141584.37087,pg_toast,pg_toast_3596,0,0,0,0,0,0,0,0,0,0,0,0,0,0,,,,
1415141584.37087,pg_toast,pg_toast_11747,0,0,0,0,0,0,0,0,0,0,0,0,0,0,,,,
1415141584.37087,pg_toast,pg_toast_11727,0,0,0,0,0,0,0,0,0,0,0,0,0,0,,,,
1415141584.37087,pg_toast,pg_toast_2606,0,0,0,0,0,0,0,0,0,0,0,0,0,0,,,,
1415141584.37087,pg_toast,pg_toast_2964,0,0,0,0,0,0,0,0,0,0,0,0,0,0,,,,
1415141584.37087,pg_catalog,pg_database,2176,8506,60798,60796,1,0,0,0,1,0,750,62223,4603,91600,,,,
1415141584.37087,information_schema,sql_parts,0,0,,,0,0,0,0,0,0,0,0,,,0,0,0,0
1415141584.37087,pg_toast,pg_toast_2620,0,0,0,0,0,0,0,0,0,0,0,0,0,0,,,,
1415141584.37087,pg_toast,pg_toast_11737,0,0,0,0,0,0,0,0,0,0,0,0,0,0,,,,
1415141584.37087,pg_catalog,pg_depend,0,0,17961,19584,3371,0,3302,0,6664,506,2929,22788,4458,46934,,,,
1415141584.37087,pg_catalog,pg_language,0,0,0,0,0,0,0,0,0,0,0,0,0,0,,,,
1415141584.37087,information_schema,sql_implementation_info,0,0,,,0,0,0,0,0,0,0,0,,,0,0,0,0
1415141584.37087,public,part,6,12000000,0,0,2000000,0,0,0,2000000,0,79007,327715,0,0,,,,
1415141584.37087,pg_catalog,pg_amproc,230,460,69645,109045,0,0,0,0,0,0,1234,67684,3279,152998,,,,
1415141584.37087,public,supplier,4,400000,0,0,100000,0,0,0,100000,0,2312,15648,0,0,,,,
1415141584.37087,pg_catalog,pg_collation,0,0,0,0,0,0,0,0,0,0,0,0,0,0,,,,
1415141584.37087,pg_catalog,pg_range,0,0,3393,0,0,0,0,0,0,0,0,0,2331,4455,,,,
1415141584.37087,pg_toast,pg_toast_2609,0,0,0,0,0,0,0,0,0,0,0,0,0,0,,,,
1415141584.37087,pg_catalog,pg_opclass,230,230,94585,1078657,0,0,0,0,0,0,2679,423536,4190,114754,,,,
1415141584.37087,pg_toast,pg_toast_11752,0,0,0,0,0,0,0,0,0,0,0,0,0,0,,,,
1415141584.37087,pg_catalog,pg_rewrite,0,0,6496,5752,248,0,248,0,110,32,2206,5356,1146,9948,1495,2854,1006,10526
1415141584.37087,pg_toast,pg_toast_1255,0,0,0,0,0,0,0,0,0,0,0,0,0,0,,,,
1415141584.37087,pg_catalog,pg_seclabel,0,0,1862,0,0,0,0,0,0,0,0,0,177,1685,0,0,0,0
1415141584.37087,information_schema,sql_languages,0,0,,,0,0,0,0,0,0,0,0,,,0,0,0,0
1415141584.37087,pg_catalog,pg_ts_parser,0,0,0,0,0,0,0,0,0,0,0,0,0,0,,,,
1415141584.37087,pg_catalog,pg_trigger,0,0,0,0,0,0,0,0,0,0,0,0,0,0,0,0,0,0
1415141584.37087,pg_catalog,pg_shseclabel,0,0,0,0,0,0,0,0,0,0,0,0,0,0,,,,
1415141584.37087,pg_catalog,pg_event_trigger,0,0,766,0,0,0,0,0,0,0,0,0,183,583,,,,
1415141584.37087,pg_toast,pg_toast_11742,0,0,0,0,0,0,0,0,0,0,0,0,0,0,,,,
1415141584.37087,pg_catalog,pg_foreign_table,0,0,0,0,0,0,0,0,0,0,0,0,0,0,,,,
1415141584.37087,information_schema,sql_sizing_profiles,0,0,,,0,0,0,0,0,0,0,0,,,0,0,0,0
1415141584.37087,pg_catalog,pg_extension,0,0,0,0,0,0,0,0,0,0,0,0,0,0,,,,
1415141584.37087,pg_catalog,pg_ts_config,0,0,0,0,0,0,0,0,0,0,0,0,0,0,,,,
1415141584.37087,pg_catalog,pg_shdescription,0,0,0,0,0,0,0,0,0,0,0,0,0,0,0,0,0,0
1415141584.37087,pg_catalog,pg_cast,0,0,510312,126098,0,0,0,0,0,0,1823,124275,1797,524383,,,,
1415141584.37087,pg_catalog,pg_amop,0,0,143258,205566,0,0,0,0,0,0,3517,202049,6247,300635,,,,
1415141584.37087,pg_catalog,pg_user_mapping,0,0,0,0,0,0,0,0,0,0,0,0,0,0,,,,
1415141584.37087,pg_catalog,pg_type,0,0,377432,374192,855,0,836,0,360,23,4812,373135,6318,772486,,,,
1415141584.37087,pg_catalog,pg_largeobject,0,0,0,0,0,0,0,0,0,0,0,0,0,0,,,,
1415141584.37087,pg_catalog,pg_ts_config_map,0,0,0,0,0,0,0,0,0,0,0,0,0,0,,,,
1415141584.37087,pg_catalog,pg_largeobject_metadata,0,0,0,0,0,0,0,0,0,0,0,0,0,0,,,,
1415141584.37087,pg_catalog,pg_am,17299,17299,0,0,0,0,0,0,0,0,1048,16251,0,0,,,,
1415141584.37087,pg_toast,pg_toast_11722,0,0,0,0,0,0,0,0,0,0,0,0,0,0,,,,
1415141584.37087,public,customer,6,9000000,0,0,1500000,0,0,0,1500000,0,68533,294857,0,0,,,,
1415141584.37087,pg_catalog,pg_ts_template,0,0,0,0,0,0,0,0,0,0,0,0,0,0,,,,
1415141584.37087,pg_catalog,pg_foreign_server,0,0,0,0,0,0,0,0,0,0,0,0,0,0,,,,
1415141584.37087,pg_catalog,pg_namespace,1776,21054,102343,86071,28,0,0,0,28,0,941,86977,2569,118064,,,,
1415141584.37087,pg_toast,pg_toast_2619,0,0,48213,160553,2014,0,1805,0,219,16,15042,62288,1050,100863,,,,
1415141584.37087,public,region,2,10,0,0,5,0,0,0,5,0,1,3,0,0,,,,
1415141584.37087,public,nation,2,50,0,0,25,0,0,0,25,0,1,3,0,0,,,,
1415141584.37087,public,lineitem,0,0,,,59986052,0,0,0,59986052,0,1065680,2307885,,,,,,
1415141584.37087,pg_catalog,pg_authid,775,775,32685,32685,0,0,0,0,0,0,898,32562,3678,61692,,,,
1415141584.37087,pg_catalog,pg_default_acl,0,0,1728,0,0,0,0,0,0,0,0,0,177,1551,,,,
1415141584.37087,public,partsupp,3,24000000,0,0,8000000,0,0,0,8000000,0,340611,954509,0,0,,,,
1415141584.37087,pg_catalog,pg_shdepend,0,0,2324,461,0,0,0,0,0,0,183,278,728,2452,,,,
1415141584.37087,pg_catalog,pg_constraint,0,0,135,64,71,0,64,0,9,8,40,385,72,699,0,0,0,0
1415141584.37087,pg_catalog,pg_index,4346,501862,171061,243977,312,0,292,0,135,41,4647,231281,4111,195376,,,,
1415141584.37087,pg_catalog,pg_ts_dict,0,0,0,0,0,0,0,0,0,0,0,0,0,0,,,,
1415141584.37087,pg_toast,pg_toast_2604,0,0,0,0,0,0,0,0,0,0,0,0,0,0,,,,
1415141584.37087,pg_toast,pg_toast_11732,0,0,0,0,0,0,0,0,0,0,0,0,0,0,,,,
1415141584.37087,pg_catalog,pg_proc,0,0,159908,236255,0,0,0,0,0,0,17768,160874,12331,338680,0,0,0,0
1415141644.37809,pg_catalog,pg_attrdef,0,0,0,0,0,0,0,0,0,0,0,0,0,0,0,0,0,0
1415141644.37809,pg_catalog,pg_db_role_setting,0,0,70900,0,0,0,0,0,0,0,0,0,1087,69813,0,0,0,0
1415141644.37809,pg_catalog,pg_rowsecurity,0,0,0,0,0,0,0,0,0,0,0,0,0,0,,,,
1415141644.37809,pg_catalog,pg_description,0,0,1862,0,0,0,0,0,0,0,0,0,539,3607,0,0,0,0
1415141644.37809,pg_catalog,pg_foreign_data_wrapper,0,0,0,0,0,0,0,0,0,0,0,0,0,0,,,,
1415141644.37809,pg_catalog,pg_conversion,0,0,0,0,0,0,0,0,0,0,0,0,0,0,,,,
1415141644.37809,information_schema,sql_features,0,0,,,0,0,0,0,0,0,0,0,,,0,0,0,0
1415141644.37809,public,orders,4,60000000,0,0,15000000,0,0,0,15000000,0,504554,1558780,0,0,,,,
1415141644.37809,pg_catalog,pg_class,8513,2171452,502300,470109,746,264,714,251,331,74,10688,544869,10239,1036581,,,,
1415141644.37809,pg_catalog,pg_opfamily,0,0,0,0,0,0,0,0,0,0,0,0,0,0,,,,
1415141644.37809,public,time_statistics,0,0,,,1,0,0,0,1,0,1,0,,,,,,
1415141644.37809,pg_catalog,pg_auth_members,0,0,0,0,0,0,0,0,0,0,0,0,0,0,,,,
1415141644.37809,pg_catalog,pg_operator,0,0,119924,586101,0,0,0,0,0,0,11067,400653,7889,256485,,,,
1415141644.37809,information_schema,sql_packages,0,0,,,0,0,0,0,0,0,0,0,,,0,0,0,0
1415141644.37809,pg_catalog,pg_attribute,1265,8625,373857,788309,2812,88,2646,59,2502,338,15803,410485,6650,772121,,,,
1415141644.37809,pg_catalog,pg_tablespace,2,4,12310,12310,0,0,0,0,0,0,988,11324,1999,22671,,,,
1415141644.37809,pg_catalog,pg_statistic,0,0,91564,85975,643,1656,596,1294,448,89,9974,81143,3149,194590,15042,62291,1050,100872
1415141644.37809,pg_catalog,pg_aggregate,0,0,8166,8166,0,0,0,0,0,0,1187,6979,2522,11821,,,,
1415141644.37809,pg_catalog,pg_inherits,0,0,422,0,0,0,0,0,0,0,0,0,185,237,,,,
1415141644.37809,information_schema,sql_sizing,0,0,,,0,0,0,0,0,0,0,0,,,0,0,0,0
1415141644.37809,pg_catalog,pg_enum,0,0,0,0,0,0,0,0,0,0,0,0,0,0,,,,
1415141644.37809,pg_toast,pg_toast_2396,0,0,0,0,0,0,0,0,0,0,0,0,0,0,,,,
1415141644.37809,pg_catalog,pg_pltemplate,0,0,0,0,0,0,0,0,0,0,0,0,0,0,,,,
1415141644.37809,pg_toast,pg_toast_2618,0,0,3596,11496,0,0,0,0,0,0,1495,2860,503,5271,,,,
1415141644.37809,pg_toast,pg_toast_3596,0,0,0,0,0,0,0,0,0,0,0,0,0,0,,,,
1415141644.37809,pg_toast,pg_toast_11747,0,0,0,0,0,0,0,0,0,0,0,0,0,0,,,,
1415141644.37809,pg_toast,pg_toast_11727,0,0,0,0,0,0,0,0,0,0,0,0,0,0,,,,
1415141644.37809,pg_toast,pg_toast_2606,0,0,0,0,0,0,0,0,0,0,0,0,0,0,,,,
1415141644.37809,pg_toast,pg_toast_2964,0,0,0,0,0,0,0,0,0,0,0,0,0,0,,,,
1415141644.37809,pg_catalog,pg_database,2179,8518,60834,60832,1,0,0,0,1,0,750,62262,4603,91650,,,,
1415141644.37809,information_schema,sql_parts,0,0,,,0,0,0,0,0,0,0,0,,,0,0,0,0
1415141644.37809,pg_toast,pg_toast_2620,0,0,0,0,0,0,0,0,0,0,0,0,0,0,,,,
1415141644.37809,pg_toast,pg_toast_11737,0,0,0,0,0,0,0,0,0,0,0,0,0,0,,,,
1415141644.37809,pg_catalog,pg_depend,0,0,17971,19594,3376,0,3302,0,6669,506,2929,22809,4459,46977,,,,
1415141644.37809,pg_catalog,pg_language,0,0,0,0,0,0,0,0,0,0,0,0,0,0,,,,
1415141644.37809,information_schema,sql_implementation_info,0,0,,,0,0,0,0,0,0,0,0,,,0,0,0,0
1415141644.37809,public,part,6,12000000,0,0,2000000,0,0,0,2000000,0,79007,327715,0,0,,,,
1415141644.37809,pg_catalog,pg_amproc,230,460,69664,109076,0,0,0,0,0,0,1234,67703,3279,153042,,,,
1415141644.37809,public,supplier,4,400000,0,0,100000,0,0,0,100000,0,2312,15648,0,0,,,,
1415141644.37809,pg_catalog,pg_collation,0,0,0,0,0,0,0,0,0,0,0,0,0,0,,,,
1415141644.37809,pg_catalog,pg_range,0,0,3393,0,0,0,0,0,0,0,0,0,2331,4455,,,,
1415141644.37809,pg_toast,pg_toast_2609,0,0,0,0,0,0,0,0,0,0,0,0,0,0,,,,
1415141644.37809,pg_catalog,pg_opclass,230,230,94609,1078934,0,0,0,0,0,0,2679,423636,4190,114789,,,,
1415141644.37809,pg_toast,pg_toast_11752,0,0,0,0,0,0,0,0,0,0,0,0,0,0,,,,
1415141644.37809,pg_catalog,pg_rewrite,0,0,6503,5759,248,0,248,0,110,32,2206,5363,1146,9960,1495,2860,1006,10542
1415141644.37809,pg_toast,pg_toast_1255,0,0,0,0,0,0,0,0,0,0,0,0,0,0,,,,
1415141644.37809,pg_catalog,pg_seclabel,0,0,1862,0,0,0,0,0,0,0,0,0,177,1685,0,0,0,0
1415141644.37809,information_schema,sql_languages,0,0,,,0,0,0,0,0,0,0,0,,,0,0,0,0
1415141644.37809,pg_catalog,pg_ts_parser,0,0,0,0,0,0,0,0,0,0,0,0,0,0,,,,
1415141644.37809,pg_catalog,pg_trigger,0,0,0,0,0,0,0,0,0,0,0,0,0,0,0,0,0,0
1415141644.37809,pg_catalog,pg_shseclabel,0,0,0,0,0,0,0,0,0,0,0,0,0,0,,,,
1415141644.37809,pg_catalog,pg_event_trigger,0,0,768,0,0,0,0,0,0,0,0,0,183,585,,,,
1415141644.37809,pg_toast,pg_toast_11742,0,0,0,0,0,0,0,0,0,0,0,0,0,0,,,,
1415141644.37809,pg_catalog,pg_foreign_table,0,0,0,0,0,0,0,0,0,0,0,0,0,0,,,,
1415141644.37809,information_schema,sql_sizing_profiles,0,0,,,0,0,0,0,0,0,0,0,,,0,0,0,0
1415141644.37809,pg_catalog,pg_extension,0,0,0,0,0,0,0,0,0,0,0,0,0,0,,,,
1415141644.37809,pg_catalog,pg_ts_config,0,0,0,0,0,0,0,0,0,0,0,0,0,0,,,,
1415141644.37809,pg_catalog,pg_shdescription,0,0,0,0,0,0,0,0,0,0,0,0,0,0,0,0,0,0
1415141644.37809,pg_catalog,pg_cast,0,0,510407,126140,0,0,0,0,0,0,1823,124317,1797,524485,,,,
1415141644.37809,pg_catalog,pg_amop,0,0,143291,205607,0,0,0,0,0,0,3517,202090,6247,300709,,,,
1415141644.37809,pg_catalog,pg_user_mapping,0,0,0,0,0,0,0,0,0,0,0,0,0,0,,,,
1415141644.37809,pg_catalog,pg_type,0,0,377529,374289,855,0,836,0,360,23,4812,373232,6318,772687,,,,
1415141644.37809,pg_catalog,pg_largeobject,0,0,0,0,0,0,0,0,0,0,0,0,0,0,,,,
1415141644.37809,pg_catalog,pg_ts_config_map,0,0,0,0,0,0,0,0,0,0,0,0,0,0,,,,
1415141644.37809,pg_catalog,pg_largeobject_metadata,0,0,0,0,0,0,0,0,0,0,0,0,0,0,,,,
1415141644.37809,pg_catalog,pg_am,17307,17307,0,0,0,0,0,0,0,0,1048,16259,0,0,,,,
1415141644.37809,pg_toast,pg_toast_11722,0,0,0,0,0,0,0,0,0,0,0,0,0,0,,,,
1415141644.37809,public,customer,6,9000000,0,0,1500000,0,0,0,1500000,0,68533,294857,0,0,,,,
1415141644.37809,pg_catalog,pg_ts_template,0,0,0,0,0,0,0,0,0,0,0,0,0,0,,,,
1415141644.37809,pg_catalog,pg_foreign_server,0,0,0,0,0,0,0,0,0,0,0,0,0,0,,,,
1415141644.37809,pg_catalog,pg_namespace,1778,21122,102498,86219,28,0,0,0,28,0,941,87127,2569,118229,,,,
1415141644.37809,pg_toast,pg_toast_2619,0,0,48216,160559,2014,0,1805,0,219,16,15042,62291,1050,100872,,,,
1415141644.37809,public,region,2,10,0,0,5,0,0,0,5,0,1,3,0,0,,,,
1415141644.37809,public,nation,2,50,0,0,25,0,0,0,25,0,1,3,0,0,,,,
1415141644.37809,public,lineitem,2,119972104,0,0,59986052,0,0,0,59986052,0,2626964,2877435,0,0,,,,
1415141644.37809,pg_catalog,pg_authid,776,776,32695,32695,0,0,0,0,0,0,898,32573,3678,61712,,,,
1415141644.37809,pg_catalog,pg_default_acl,0,0,1728,0,0,0,0,0,0,0,0,0,177,1551,,,,
1415141644.37809,public,partsupp,3,24000000,0,0,8000000,0,0,0,8000000,0,340611,954509,0,0,,,,
1415141644.37809,pg_catalog,pg_shdepend,0,0,2324,461,0,0,0,0,0,0,183,278,728,2452,,,,
1415141644.37809,pg_catalog,pg_constraint,0,0,135,64,71,0,64,0,9,8,40,385,72,699,0,0,0,0
1415141644.37809,pg_catalog,pg_index,4351,502537,171123,244062,314,0,292,0,137,41,4647,231386,4111,195455,,,,
1415141644.37809,pg_catalog,pg_ts_dict,0,0,0,0,0,0,0,0,0,0,0,0,0,0,,,,
1415141644.37809,pg_toast,pg_toast_2604,0,0,0,0,0,0,0,0,0,0,0,0,0,0,,,,
1415141644.37809,pg_toast,pg_toast_11732,0,0,0,0,0,0,0,0,0,0,0,0,0,0,,,,
1415141644.37809,pg_catalog,pg_proc,0,0,159988,236370,0,0,0,0,0,0,17769,160973,12331,338852,0,0,0,0
1415141704.38625,pg_catalog,pg_attrdef,0,0,0,0,0,0,0,0,0,0,0,0,0,0,0,0,0,0
1415141704.38625,pg_catalog,pg_db_role_setting,0,0,70928,0,0,0,0,0,0,0,0,0,1087,69841,0,0,0,0
1415141704.38625,pg_catalog,pg_rowsecurity,0,0,0,0,0,0,0,0,0,0,0,0,0,0,,,,
1415141704.38625,pg_catalog,pg_description,0,0,1862,0,0,0,0,0,0,0,0,0,539,3607,0,0,0,0
1415141704.38625,pg_catalog,pg_foreign_data_wrapper,0,0,0,0,0,0,0,0,0,0,0,0,0,0,,,,
1415141704.38625,pg_catalog,pg_conversion,0,0,0,0,0,0,0,0,0,0,0,0,0,0,,,,
1415141704.38625,information_schema,sql_features,0,0,,,0,0,0,0,0,0,0,0,,,0,0,0,0
1415141704.38625,public,orders,4,60000000,0,0,15000000,0,0,0,15000000,0,504554,1558780,0,0,,,,
1415141704.38625,pg_catalog,pg_class,8523,2174448,502657,470463,747,264,714,251,332,74,10688,545340,10239,1037319,,,,
1415141704.38625,pg_catalog,pg_opfamily,0,0,0,0,0,0,0,0,0,0,0,0,0,0,,,,
1415141704.38625,public,time_statistics,0,0,,,1,0,0,0,1,0,1,0,,,,,,
1415141704.38625,pg_catalog,pg_auth_members,0,0,0,0,0,0,0,0,0,0,0,0,0,0,,,,
1415141704.38625,pg_catalog,pg_operator,0,0,119941,586118,0,0,0,0,0,0,11067,400670,7889,256527,,,,
1415141704.38625,information_schema,sql_packages,0,0,,,0,0,0,0,0,0,0,0,,,0,0,0,0
1415141704.38625,pg_catalog,pg_attribute,1265,8625,374076,788733,2815,88,2646,59,2505,338,15803,410718,6650,772580,,,,
1415141704.38625,pg_catalog,pg_tablespace,2,4,12315,12315,0,0,0,0,0,0,988,11329,1999,22681,,,,
1415141704.38625,pg_catalog,pg_statistic,0,0,91589,85994,643,1656,596,1294,448,89,9974,81162,3149,194645,15042,62294,1050,100881
1415141704.38625,pg_catalog,pg_aggregate,0,0,8167,8167,0,0,0,0,0,0,1187,6980,2522,11823,,,,
1415141704.38625,pg_catalog,pg_inherits,0,0,422,0,0,0,0,0,0,0,0,0,185,237,,,,
1415141704.38625,information_schema,sql_sizing,0,0,,,0,0,0,0,0,0,0,0,,,0,0,0,0
1415141704.38625,pg_catalog,pg_enum,0,0,0,0,0,0,0,0,0,0,0,0,0,0,,,,
1415141704.38625,pg_toast,pg_toast_2396,0,0,0,0,0,0,0,0,0,0,0,0,0,0,,,,
1415141704.38625,pg_catalog,pg_pltemplate,0,0,0,0,0,0,0,0,0,0,0,0,0,0,,,,
1415141704.38625,pg_toast,pg_toast_2618,0,0,3601,11512,0,0,0,0,0,0,1495,2866,503,5279,,,,
1415141704.38625,pg_toast,pg_toast_3596,0,0,0,0,0,0,0,0,0,0,0,0,0,0,,,,
1415141704.38625,pg_toast,pg_toast_11747,0,0,0,0,0,0,0,0,0,0,0,0,0,0,,,,
1415141704.38625,pg_toast,pg_toast_11727,0,0,0,0,0,0,0,0,0,0,0,0,0,0,,,,
1415141704.38625,pg_toast,pg_toast_2606,0,0,0,0,0,0,0,0,0,0,0,0,0,0,,,,
1415141704.38625,pg_toast,pg_toast_2964,0,0,0,0,0,0,0,0,0,0,0,0,0,0,,,,
1415141704.38625,pg_catalog,pg_database,2182,8530,60868,60866,1,0,0,0,1,0,750,62299,4603,91698,,,,
1415141704.38625,information_schema,sql_parts,0,0,,,0,0,0,0,0,0,0,0,,,0,0,0,0
1415141704.38625,pg_toast,pg_toast_2620,0,0,0,0,0,0,0,0,0,0,0,0,0,0,,,,
1415141704.38625,pg_toast,pg_toast_11737,0,0,0,0,0,0,0,0,0,0,0,0,0,0,,,,
1415141704.38625,pg_catalog,pg_depend,0,0,17977,19600,3379,0,3302,0,6672,506,2929,22821,4459,47003,,,,
1415141704.38625,pg_catalog,pg_language,0,0,0,0,0,0,0,0,0,0,0,0,0,0,,,,
1415141704.38625,information_schema,sql_implementation_info,0,0,,,0,0,0,0,0,0,0,0,,,0,0,0,0
1415141704.38625,public,part,6,12000000,0,0,2000000,0,0,0,2000000,0,79007,327715,0,0,,,,
1415141704.38625,pg_catalog,pg_amproc,230,460,69683,109107,0,0,0,0,0,0,1234,67722,3279,153086,,,,
1415141704.38625,public,supplier,4,400000,0,0,100000,0,0,0,100000,0,2312,15648,0,0,,,,
1415141704.38625,pg_catalog,pg_collation,0,0,0,0,0,0,0,0,0,0,0,0,0,0,,,,
1415141704.38625,pg_catalog,pg_range,0,0,3393,0,0,0,0,0,0,0,0,0,2331,4455,,,,
1415141704.38625,pg_toast,pg_toast_2609,0,0,0,0,0,0,0,0,0,0,0,0,0,0,,,,
1415141704.38625,pg_catalog,pg_opclass,230,230,94634,1079255,0,0,0,0,0,0,2679,423749,4190,114824,,,,
1415141704.38625,pg_toast,pg_toast_11752,0,0,0,0,0,0,0,0,0,0,0,0,0,0,,,,
1415141704.38625,pg_catalog,pg_rewrite,0,0,6510,5766,248,0,248,0,110,32,2206,5370,1146,9972,1495,2866,1006,10558
1415141704.38625,pg_toast,pg_toast_1255,0,0,0,0,0,0,0,0,0,0,0,0,0,0,,,,
1415141704.38625,pg_catalog,pg_seclabel,0,0,1862,0,0,0,0,0,0,0,0,0,177,1685,0,0,0,0
1415141704.38625,information_schema,sql_languages,0,0,,,0,0,0,0,0,0,0,0,,,0,0,0,0
1415141704.38625,pg_catalog,pg_ts_parser,0,0,0,0,0,0,0,0,0,0,0,0,0,0,,,,
1415141704.38625,pg_catalog,pg_trigger,0,0,0,0,0,0,0,0,0,0,0,0,0,0,0,0,0,0
1415141704.38625,pg_catalog,pg_shseclabel,0,0,0,0,0,0,0,0,0,0,0,0,0,0,,,,
1415141704.38625,pg_catalog,pg_event_trigger,0,0,769,0,0,0,0,0,0,0,0,0,183,586,,,,
1415141704.38625,pg_toast,pg_toast_11742,0,0,0,0,0,0,0,0,0,0,0,0,0,0,,,,
1415141704.38625,pg_catalog,pg_foreign_table,0,0,0,0,0,0,0,0,0,0,0,0,0,0,,,,
1415141704.38625,information_schema,sql_sizing_profiles,0,0,,,0,0,0,0,0,0,0,0,,,0,0,0,0
1415141704.38625,pg_catalog,pg_extension,0,0,0,0,0,0,0,0,0,0,0,0,0,0,,,,
1415141704.38625,pg_catalog,pg_ts_config,0,0,0,0,0,0,0,0,0,0,0,0,0,0,,,,
1415141704.38625,pg_catalog,pg_shdescription,0,0,0,0,0,0,0,0,0,0,0,0,0,0,0,0,0,0
1415141704.38625,pg_catalog,pg_cast,0,0,510496,126175,0,0,0,0,0,0,1823,124352,1797,524580,,,,
1415141704.38625,pg_catalog,pg_amop,0,0,143324,205648,0,0,0,0,0,0,3517,202131,6247,300783,,,,
1415141704.38625,pg_catalog,pg_user_mapping,0,0,0,0,0,0,0,0,0,0,0,0,0,0,,,,
1415141704.38625,pg_catalog,pg_type,0,0,377623,374383,855,0,836,0,360,23,4812,373326,6318,772881,,,,
1415141704.38625,pg_catalog,pg_largeobject,0,0,0,0,0,0,0,0,0,0,0,0,0,0,,,,
1415141704.38625,pg_catalog,pg_ts_config_map,0,0,0,0,0,0,0,0,0,0,0,0,0,0,,,,
1415141704.38625,pg_catalog,pg_largeobject_metadata,0,0,0,0,0,0,0,0,0,0,0,0,0,0,,,,
1415141704.38625,pg_catalog,pg_am,17314,17314,0,0,0,0,0,0,0,0,1048,16266,0,0,,,,
1415141704.38625,pg_toast,pg_toast_11722,0,0,0,0,0,0,0,0,0,0,0,0,0,0,,,,
1415141704.38625,public,customer,6,9000000,0,0,1500000,0,0,0,1500000,0,68533,294857,0,0,,,,
1415141704.38625,pg_catalog,pg_ts_template,0,0,0,0,0,0,0,0,0,0,0,0,0,0,,,,
1415141704.38625,pg_catalog,pg_foreign_server,0,0,0,0,0,0,0,0,0,0,0,0,0,0,,,,
1415141704.38625,pg_catalog,pg_namespace,1780,21190,102653,86368,28,0,0,0,28,0,941,87278,2569,118393,,,,
1415141704.38625,pg_toast,pg_toast_2619,0,0,48219,160565,2014,0,1805,0,219,16,15042,62294,1050,100881,,,,
1415141704.38625,public,region,2,10,0,0,5,0,0,0,5,0,1,3,0,0,,,,
1415141704.38625,public,nation,2,50,0,0,25,0,0,0,25,0,1,3,0,0,,,,
1415141704.38625,public,lineitem,3,179958156,0,0,59986052,0,0,0,59986052,0,3399601,3170215,0,0,,,,
1415141704.38625,pg_catalog,pg_authid,777,777,32705,32705,0,0,0,0,0,0,898,32584,3678,61732,,,,
1415141704.38625,pg_catalog,pg_default_acl,0,0,1728,0,0,0,0,0,0,0,0,0,177,1551,,,,
1415141704.38625,public,partsupp,3,24000000,0,0,8000000,0,0,0,8000000,0,340611,954509,0,0,,,,
1415141704.38625,pg_catalog,pg_shdepend,0,0,2324,461,0,0,0,0,0,0,183,278,728,2452,,,,
1415141704.38625,pg_catalog,pg_constraint,0,0,135,64,71,0,64,0,9,8,40,385,72,699,0,0,0,0
1415141704.38625,pg_catalog,pg_index,4356,503222,171176,244133,315,0,292,0,138,41,4647,231478,4111,195522,,,,
1415141704.38625,pg_catalog,pg_ts_dict,0,0,0,0,0,0,0,0,0,0,0,0,0,0,,,,
1415141704.38625,pg_toast,pg_toast_2604,0,0,0,0,0,0,0,0,0,0,0,0,0,0,,,,
1415141704.38625,pg_toast,pg_toast_11732,0,0,0,0,0,0,0,0,0,0,0,0,0,0,,,,
1415141704.38625,pg_catalog,pg_proc,0,0,160066,236483,0,0,0,0,0,0,17769,161071,12331,339018,0,0,0,0
1415141764.38923,pg_catalog,pg_attrdef,0,0,0,0,0,0,0,0,0,0,0,0,0,0,0,0,0,0
1415141764.38923,pg_catalog,pg_db_role_setting,0,0,70956,0,0,0,0,0,0,0,0,0,1087,69869,0,0,0,0
1415141764.38923,pg_catalog,pg_rowsecurity,0,0,0,0,0,0,0,0,0,0,0,0,0,0,,,,
1415141764.38923,pg_catalog,pg_description,0,0,1862,0,0,0,0,0,0,0,0,0,539,3607,0,0,0,0
1415141764.38923,pg_catalog,pg_foreign_data_wrapper,0,0,0,0,0,0,0,0,0,0,0,0,0,0,,,,
1415141764.38923,pg_catalog,pg_conversion,0,0,0,0,0,0,0,0,0,0,0,0,0,0,,,,
1415141764.38923,information_schema,sql_features,0,0,,,0,0,0,0,0,0,0,0,,,0,0,0,0
1415141764.38923,public,orders,4,60000000,0,0,15000000,0,0,0,15000000,0,504554,1558780,0,0,,,,
1415141764.38923,pg_catalog,pg_class,8533,2177453,502998,470804,747,264,714,251,332,74,10688,545792,10239,1038017,,,,
1415141764.38923,pg_catalog,pg_opfamily,0,0,0,0,0,0,0,0,0,0,0,0,0,0,,,,
1415141764.38923,public,time_statistics,0,0,,,1,0,0,0,1,0,1,0,,,,,,
1415141764.38923,pg_catalog,pg_auth_members,0,0,0,0,0,0,0,0,0,0,0,0,0,0,,,,
1415141764.38923,pg_catalog,pg_operator,0,0,119958,586135,0,0,0,0,0,0,11067,400687,7889,256569,,,,
1415141764.38923,information_schema,sql_packages,0,0,,,0,0,0,0,0,0,0,0,,,0,0,0,0
1415141764.38923,pg_catalog,pg_attribute,1265,8625,374282,789071,2815,88,2646,59,2505,338,15803,410931,6650,773000,,,,
1415141764.38923,pg_catalog,pg_tablespace,2,4,12320,12320,0,0,0,0,0,0,988,11334,1999,22691,,,,
1415141764.38923,pg_catalog,pg_statistic,0,0,91614,86013,643,1656,596,1294,448,89,9974,81181,3149,194700,15042,62297,1050,100890
1415141764.38923,pg_catalog,pg_aggregate,0,0,8168,8168,0,0,0,0,0,0,1187,6981,2522,11825,,,,
1415141764.38923,pg_catalog,pg_inherits,0,0,422,0,0,0,0,0,0,0,0,0,185,237,,,,
1415141764.38923,information_schema,sql_sizing,0,0,,,0,0,0,0,0,0,0,0,,,0,0,0,0
1415141764.38923,pg_catalog,pg_enum,0,0,0,0,0,0,0,0,0,0,0,0,0,0,,,,
1415141764.38923,pg_toast,pg_toast_2396,0,0,0,0,0,0,0,0,0,0,0,0,0,0,,,,
1415141764.38923,pg_catalog,pg_pltemplate,0,0,0,0,0,0,0,0,0,0,0,0,0,0,,,,
1415141764.38923,pg_toast,pg_toast_2618,0,0,3606,11528,0,0,0,0,0,0,1495,2872,503,5287,,,,
1415141764.38923,pg_toast,pg_toast_3596,0,0,0,0,0,0,0,0,0,0,0,0,0,0,,,,
1415141764.38923,pg_toast,pg_toast_11747,0,0,0,0,0,0,0,0,0,0,0,0,0,0,,,,
1415141764.38923,pg_toast,pg_toast_11727,0,0,0,0,0,0,0,0,0,0,0,0,0,0,,,,
1415141764.38923,pg_toast,pg_toast_2606,0,0,0,0,0,0,0,0,0,0,0,0,0,0,,,,
1415141764.38923,pg_toast,pg_toast_2964,0,0,0,0,0,0,0,0,0,0,0,0,0,0,,,,
1415141764.38923,pg_catalog,pg_database,2185,8542,60901,60899,1,0,0,0,1,0,750,62335,4603,91745,,,,
1415141764.38923,information_schema,sql_parts,0,0,,,0,0,0,0,0,0,0,0,,,0,0,0,0
1415141764.38923,pg_toast,pg_toast_2620,0,0,0,0,0,0,0,0,0,0,0,0,0,0,,,,
1415141764.38923,pg_toast,pg_toast_11737,0,0,0,0,0,0,0,0,0,0,0,0,0,0,,,,
1415141764.38923,pg_catalog,pg_depend,0,0,17977,19600,3379,0,3302,0,6672,506,2929,22821,4459,47003,,,,
1415141764.38923,pg_catalog,pg_language,0,0,0,0,0,0,0,0,0,0,0,0,0,0,,,,
1415141764.38923,information_schema,sql_implementation_info,0,0,,,0,0,0,0,0,0,0,0,,,0,0,0,0
1415141764.38923,public,part,6,12000000,0,0,2000000,0,0,0,2000000,0,79007,327715,0,0,,,,
1415141764.38923,pg_catalog,pg_amproc,230,460,69700,109134,0,0,0,0,0,0,1234,67739,3279,153126,,,,
1415141764.38923,public,supplier,4,400000,0,0,100000,0,0,0,100000,0,2312,15648,0,0,,,,
1415141764.38923,pg_catalog,pg_collation,0,0,0,0,0,0,0,0,0,0,0,0,0,0,,,,
1415141764.38923,pg_catalog,pg_range,0,0,3393,0,0,0,0,0,0,0,0,0,2331,4455,,,,
1415141764.38923,pg_toast,pg_toast_2609,0,0,0,0,0,0,0,0,0,0,0,0,0,0,,,,
1415141764.38923,pg_catalog,pg_opclass,230,230,94652,1079440,0,0,0,0,0,0,2679,423819,4190,114851,,,,
1415141764.38923,pg_toast,pg_toast_11752,0,0,0,0,0,0,0,0,0,0,0,0,0,0,,,,
1415141764.38923,pg_catalog,pg_rewrite,0,0,6517,5773,248,0,248,0,110,32,2206,5377,1146,9984,1495,2872,1006,10574
1415141764.38923,pg_toast,pg_toast_1255,0,0,0,0,0,0,0,0,0,0,0,0,0,0,,,,
1415141764.38923,pg_catalog,pg_seclabel,0,0,1862,0,0,0,0,0,0,0,0,0,177,1685,0,0,0,0
1415141764.38923,information_schema,sql_languages,0,0,,,0,0,0,0,0,0,0,0,,,0,0,0,0
1415141764.38923,pg_catalog,pg_ts_parser,0,0,0,0,0,0,0,0,0,0,0,0,0,0,,,,
1415141764.38923,pg_catalog,pg_trigger,0,0,0,0,0,0,0,0,0,0,0,0,0,0,0,0,0,0
1415141764.38923,pg_catalog,pg_shseclabel,0,0,0,0,0,0,0,0,0,0,0,0,0,0,,,,
1415141764.38923,pg_catalog,pg_event_trigger,0,0,769,0,0,0,0,0,0,0,0,0,183,586,,,,
1415141764.38923,pg_toast,pg_toast_11742,0,0,0,0,0,0,0,0,0,0,0,0,0,0,,,,
1415141764.38923,pg_catalog,pg_foreign_table,0,0,0,0,0,0,0,0,0,0,0,0,0,0,,,,
1415141764.38923,information_schema,sql_sizing_profiles,0,0,,,0,0,0,0,0,0,0,0,,,0,0,0,0
1415141764.38923,pg_catalog,pg_extension,0,0,0,0,0,0,0,0,0,0,0,0,0,0,,,,
1415141764.38923,pg_catalog,pg_ts_config,0,0,0,0,0,0,0,0,0,0,0,0,0,0,,,,
1415141764.38923,pg_catalog,pg_shdescription,0,0,0,0,0,0,0,0,0,0,0,0,0,0,0,0,0,0
1415141764.38923,pg_catalog,pg_cast,0,0,510565,126203,0,0,0,0,0,0,1823,124380,1797,524654,,,,
1415141764.38923,pg_catalog,pg_amop,0,0,143357,205689,0,0,0,0,0,0,3517,202172,6247,300857,,,,
1415141764.38923,pg_catalog,pg_user_mapping,0,0,0,0,0,0,0,0,0,0,0,0,0,0,,,,
1415141764.38923,pg_catalog,pg_type,0,0,377715,374475,855,0,836,0,360,23,4812,373418,6318,773070,,,,
1415141764.38923,pg_catalog,pg_largeobject,0,0,0,0,0,0,0,0,0,0,0,0,0,0,,,,
1415141764.38923,pg_catalog,pg_ts_config_map,0,0,0,0,0,0,0,0,0,0,0,0,0,0,,,,
1415141764.38923,pg_catalog,pg_largeobject_metadata,0,0,0,0,0,0,0,0,0,0,0,0,0,0,,,,
1415141764.38923,pg_catalog,pg_am,17320,17320,0,0,0,0,0,0,0,0,1048,16272,0,0,,,,
1415141764.38923,pg_toast,pg_toast_11722,0,0,0,0,0,0,0,0,0,0,0,0,0,0,,,,
1415141764.38923,public,customer,6,9000000,0,0,1500000,0,0,0,1500000,0,68533,294857,0,0,,,,
1415141764.38923,pg_catalog,pg_ts_template,0,0,0,0,0,0,0,0,0,0,0,0,0,0,,,,
1415141764.38923,pg_catalog,pg_foreign_server,0,0,0,0,0,0,0,0,0,0,0,0,0,0,,,,
1415141764.38923,pg_catalog,pg_namespace,1782,21258,102807,86517,28,0,0,0,28,0,941,87429,2569,118555,,,,
1415141764.38923,pg_toast,pg_toast_2619,0,0,48222,160571,2014,0,1805,0,219,16,15042,62297,1050,100890,,,,
1415141764.38923,public,region,2,10,0,0,5,0,0,0,5,0,1,3,0,0,,,,
1415141764.38923,public,nation,2,50,0,0,25,0,0,0,25,0,1,3,0,0,,,,
1415141764.38923,public,lineitem,3,179958156,0,0,59986052,0,0,0,59986052,0,3399601,3170215,0,0,,,,
1415141764.38923,pg_catalog,pg_authid,778,778,32715,32715,0,0,0,0,0,0,898,32595,3678,61752,,,,
1415141764.38923,pg_catalog,pg_default_acl,0,0,1728,0,0,0,0,0,0,0,0,0,177,1551,,,,
1415141764.38923,public,partsupp,3,24000000,0,0,8000000,0,0,0,8000000,0,340611,954509,0,0,,,,
1415141764.38923,pg_catalog,pg_shdepend,0,0,2324,461,0,0,0,0,0,0,183,278,728,2452,,,,
1415141764.38923,pg_catalog,pg_constraint,0,0,135,64,71,0,64,0,9,8,40,385,72,699,0,0,0,0
1415141764.38923,pg_catalog,pg_index,4361,503912,171220,244190,315,0,292,0,138,41,4647,231557,4111,195577,,,,
1415141764.38923,pg_catalog,pg_ts_dict,0,0,0,0,0,0,0,0,0,0,0,0,0,0,,,,
1415141764.38923,pg_toast,pg_toast_2604,0,0,0,0,0,0,0,0,0,0,0,0,0,0,,,,
1415141764.38923,pg_toast,pg_toast_11732,0,0,0,0,0,0,0,0,0,0,0,0,0,0,,,,
1415141764.38923,pg_catalog,pg_proc,0,0,160144,236596,0,0,0,0,0,0,17769,161169,12331,339184,0,0,0,0
1415141824.39091,pg_catalog,pg_attrdef,0,0,0,0,0,0,0,0,0,0,0,0,0,0,0,0,0,0
1415141824.39091,pg_catalog,pg_db_role_setting,0,0,70984,0,0,0,0,0,0,0,0,0,1087,69897,0,0,0,0
1415141824.39091,pg_catalog,pg_rowsecurity,0,0,0,0,0,0,0,0,0,0,0,0,0,0,,,,
1415141824.39091,pg_catalog,pg_description,0,0,1862,0,0,0,0,0,0,0,0,0,539,3607,0,0,0,0
1415141824.39091,pg_catalog,pg_foreign_data_wrapper,0,0,0,0,0,0,0,0,0,0,0,0,0,0,,,,
1415141824.39091,pg_catalog,pg_conversion,0,0,0,0,0,0,0,0,0,0,0,0,0,0,,,,
1415141824.39091,information_schema,sql_features,0,0,,,0,0,0,0,0,0,0,0,,,0,0,0,0
1415141824.39091,public,orders,4,60000000,0,0,15000000,0,0,0,15000000,0,504554,1558780,0,0,,,,
1415141824.39091,pg_catalog,pg_class,8543,2180458,503347,471153,747,264,714,251,332,74,10688,546252,10239,1038732,,,,
1415141824.39091,pg_catalog,pg_opfamily,0,0,0,0,0,0,0,0,0,0,0,0,0,0,,,,
1415141824.39091,public,time_statistics,0,0,,,1,0,0,0,1,0,1,0,,,,,,
1415141824.39091,pg_catalog,pg_auth_members,0,0,0,0,0,0,0,0,0,0,0,0,0,0,,,,
1415141824.39091,pg_catalog,pg_operator,0,0,119976,586153,0,0,0,0,0,0,11067,400705,7889,256614,,,,
1415141824.39091,information_schema,sql_packages,0,0,,,0,0,0,0,0,0,0,0,,,0,0,0,0
1415141824.39091,pg_catalog,pg_attribute,1265,8625,374506,789447,2815,88,2646,59,2505,338,15803,411162,6650,773458,,,,
1415141824.39091,pg_catalog,pg_tablespace,2,4,12325,12325,0,0,0,0,0,0,988,11339,1999,22701,,,,
1415141824.39091,pg_catalog,pg_statistic,0,0,91643,86034,643,1656,596,1294,448,89,9974,81202,3149,194764,15042,62300,1050,100899
1415141824.39091,pg_catalog,pg_aggregate,0,0,8169,8169,0,0,0,0,0,0,1187,6982,2522,11827,,,,
1415141824.39091,pg_catalog,pg_inherits,0,0,422,0,0,0,0,0,0,0,0,0,185,237,,,,
1415141824.39091,information_schema,sql_sizing,0,0,,,0,0,0,0,0,0,0,0,,,0,0,0,0
1415141824.39091,pg_catalog,pg_enum,0,0,0,0,0,0,0,0,0,0,0,0,0,0,,,,
1415141824.39091,pg_toast,pg_toast_2396,0,0,0,0,0,0,0,0,0,0,0,0,0,0,,,,
1415141824.39091,pg_catalog,pg_pltemplate,0,0,0,0,0,0,0,0,0,0,0,0,0,0,,,,
1415141824.39091,pg_toast,pg_toast_2618,0,0,3612,11546,0,0,0,0,0,0,1495,2879,503,5297,,,,
1415141824.39091,pg_toast,pg_toast_3596,0,0,0,0,0,0,0,0,0,0,0,0,0,0,,,,
1415141824.39091,pg_toast,pg_toast_11747,0,0,0,0,0,0,0,0,0,0,0,0,0,0,,,,
1415141824.39091,pg_toast,pg_toast_11727,0,0,0,0,0,0,0,0,0,0,0,0,0,0,,,,
1415141824.39091,pg_toast,pg_toast_2606,0,0,0,0,0,0,0,0,0,0,0,0,0,0,,,,
1415141824.39091,pg_toast,pg_toast_2964,0,0,0,0,0,0,0,0,0,0,0,0,0,0,,,,
1415141824.39091,pg_catalog,pg_database,2188,8554,60934,60932,1,0,0,0,1,0,750,62371,4603,91792,,,,
1415141824.39091,information_schema,sql_parts,0,0,,,0,0,0,0,0,0,0,0,,,0,0,0,0
1415141824.39091,pg_toast,pg_toast_2620,0,0,0,0,0,0,0,0,0,0,0,0,0,0,,,,
1415141824.39091,pg_toast,pg_toast_11737,0,0,0,0,0,0,0,0,0,0,0,0,0,0,,,,
1415141824.39091,pg_catalog,pg_depend,0,0,17977,19600,3379,0,3302,0,6672,506,2929,22821,4459,47003,,,,
1415141824.39091,pg_catalog,pg_language,0,0,0,0,0,0,0,0,0,0,0,0,0,0,,,,
1415141824.39091,information_schema,sql_implementation_info,0,0,,,0,0,0,0,0,0,0,0,,,0,0,0,0
1415141824.39091,public,part,6,12000000,0,0,2000000,0,0,0,2000000,0,79007,327715,0,0,,,,
1415141824.39091,pg_catalog,pg_amproc,230,460,69719,109164,0,0,0,0,0,0,1234,67758,3279,153170,,,,
1415141824.39091,public,supplier,4,400000,0,0,100000,0,0,0,100000,0,2312,15648,0,0,,,,
1415141824.39091,pg_catalog,pg_collation,0,0,0,0,0,0,0,0,0,0,0,0,0,0,,,,
1415141824.39091,pg_catalog,pg_range,0,0,3393,0,0,0,0,0,0,0,0,0,2331,4455,,,,
1415141824.39091,pg_toast,pg_toast_2609,0,0,0,0,0,0,0,0,0,0,0,0,0,0,,,,
1415141824.39091,pg_catalog,pg_opclass,230,230,94671,1079626,0,0,0,0,0,0,2679,423890,4190,114879,,,,
1415141824.39091,pg_toast,pg_toast_11752,0,0,0,0,0,0,0,0,0,0,0,0,0,0,,,,
1415141824.39091,pg_catalog,pg_rewrite,0,0,6525,5781,248,0,248,0,110,32,2206,5385,1146,9998,1495,2879,1006,10594
1415141824.39091,pg_toast,pg_toast_1255,0,0,0,0,0,0,0,0,0,0,0,0,0,0,,,,
1415141824.39091,pg_catalog,pg_seclabel,0,0,1862,0,0,0,0,0,0,0,0,0,177,1685,0,0,0,0
1415141824.39091,information_schema,sql_languages,0,0,,,0,0,0,0,0,0,0,0,,,0,0,0,0
1415141824.39091,pg_catalog,pg_ts_parser,0,0,0,0,0,0,0,0,0,0,0,0,0,0,,,,
1415141824.39091,pg_catalog,pg_trigger,0,0,0,0,0,0,0,0,0,0,0,0,0,0,0,0,0,0
1415141824.39091,pg_catalog,pg_shseclabel,0,0,0,0,0,0,0,0,0,0,0,0,0,0,,,,
1415141824.39091,pg_catalog,pg_event_trigger,0,0,769,0,0,0,0,0,0,0,0,0,183,586,,,,
1415141824.39091,pg_toast,pg_toast_11742,0,0,0,0,0,0,0,0,0,0,0,0,0,0,,,,
1415141824.39091,pg_catalog,pg_foreign_table,0,0,0,0,0,0,0,0,0,0,0,0,0,0,,,,
1415141824.39091,information_schema,sql_sizing_profiles,0,0,,,0,0,0,0,0,0,0,0,,,0,0,0,0
1415141824.39091,pg_catalog,pg_extension,0,0,0,0,0,0,0,0,0,0,0,0,0,0,,,,
1415141824.39091,pg_catalog,pg_ts_config,0,0,0,0,0,0,0,0,0,0,0,0,0,0,,,,
1415141824.39091,pg_catalog,pg_shdescription,0,0,0,0,0,0,0,0,0,0,0,0,0,0,0,0,0,0
1415141824.39091,pg_catalog,pg_cast,0,0,510641,126236,0,0,0,0,0,0,1823,124413,1797,524736,,,,
1415141824.39091,pg_catalog,pg_amop,0,0,143396,205738,0,0,0,0,0,0,3517,202221,6247,300945,,,,
1415141824.39091,pg_catalog,pg_user_mapping,0,0,0,0,0,0,0,0,0,0,0,0,0,0,,,,
1415141824.39091,pg_catalog,pg_type,0,0,377823,374583,855,0,836,0,360,23,4812,373526,6318,773292,,,,
1415141824.39091,pg_catalog,pg_largeobject,0,0,0,0,0,0,0,0,0,0,0,0,0,0,,,,
1415141824.39091,pg_catalog,pg_ts_config_map,0,0,0,0,0,0,0,0,0,0,0,0,0,0,,,,
1415141824.39091,pg_catalog,pg_largeobject_metadata,0,0,0,0,0,0,0,0,0,0,0,0,0,0,,,,
1415141824.39091,pg_catalog,pg_am,17326,17326,0,0,0,0,0,0,0,0,1048,16278,0,0,,,,
1415141824.39091,pg_toast,pg_toast_11722,0,0,0,0,0,0,0,0,0,0,0,0,0,0,,,,
1415141824.39091,public,customer,6,9000000,0,0,1500000,0,0,0,1500000,0,68533,294857,0,0,,,,
1415141824.39091,pg_catalog,pg_ts_template,0,0,0,0,0,0,0,0,0,0,0,0,0,0,,,,
1415141824.39091,pg_catalog,pg_foreign_server,0,0,0,0,0,0,0,0,0,0,0,0,0,0,,,,
1415141824.39091,pg_catalog,pg_namespace,1784,21326,102964,86668,28,0,0,0,28,0,941,87582,2569,118721,,,,
1415141824.39091,pg_toast,pg_toast_2619,0,0,48225,160577,2014,0,1805,0,219,16,15042,62300,1050,100899,,,,
1415141824.39091,public,region,2,10,0,0,5,0,0,0,5,0,1,3,0,0,,,,
1415141824.39091,public,nation,2,50,0,0,25,0,0,0,25,0,1,3,0,0,,,,
1415141824.39091,public,lineitem,3,179958156,0,0,59986052,0,0,0,59986052,0,3399601,3170215,0,0,,,,
1415141824.39091,pg_catalog,pg_authid,779,779,32725,32725,0,0,0,0,0,0,898,32606,3678,61772,,,,
1415141824.39091,pg_catalog,pg_default_acl,0,0,1728,0,0,0,0,0,0,0,0,0,177,1551,,,,
1415141824.39091,public,partsupp,3,24000000,0,0,8000000,0,0,0,8000000,0,340611,954509,0,0,,,,
1415141824.39091,pg_catalog,pg_shdepend,0,0,2324,461,0,0,0,0,0,0,183,278,728,2452,,,,
1415141824.39091,pg_catalog,pg_constraint,0,0,135,64,71,0,64,0,9,8,40,385,72,699,0,0,0,0
1415141824.39091,pg_catalog,pg_index,4366,504602,171269,244254,315,0,292,0,138,41,4647,231641,4111,195638,,,,
1415141824.39091,pg_catalog,pg_ts_dict,0,0,0,0,0,0,0,0,0,0,0,0,0,0,,,,
1415141824.39091,pg_toast,pg_toast_2604,0,0,0,0,0,0,0,0,0,0,0,0,0,0,,,,
1415141824.39091,pg_toast,pg_toast_11732,0,0,0,0,0,0,0,0,0,0,0,0,0,0,,,,
1415141824.39091,pg_catalog,pg_proc,0,0,160228,236722,0,0,0,0,0,0,17769,161277,12331,339364,0,0,0,0
1415141884.39356,pg_catalog,pg_attrdef,0,0,0,0,0,0,0,0,0,0,0,0,0,0,0,0,0,0
1415141884.39356,pg_catalog,pg_db_role_setting,0,0,71012,0,0,0,0,0,0,0,0,0,1087,69925,0,0,0,0
1415141884.39356,pg_catalog,pg_rowsecurity,0,0,0,0,0,0,0,0,0,0,0,0,0,0,,,,
1415141884.39356,pg_catalog,pg_description,0,0,1862,0,0,0,0,0,0,0,0,0,539,3607,0,0,0,0
1415141884.39356,pg_catalog,pg_foreign_data_wrapper,0,0,0,0,0,0,0,0,0,0,0,0,0,0,,,,
1415141884.39356,pg_catalog,pg_conversion,0,0,0,0,0,0,0,0,0,0,0,0,0,0,,,,
1415141884.39356,information_schema,sql_features,0,0,,,0,0,0,0,0,0,0,0,,,0,0,0,0
1415141884.39356,public,orders,4,60000000,0,0,15000000,0,0,0,15000000,0,504554,1558780,0,0,,,,
1415141884.39356,pg_catalog,pg_class,8553,2183466,503699,471502,748,264,714,251,333,74,10688,546718,10239,1039459,,,,
1415141884.39356,pg_catalog,pg_opfamily,0,0,0,0,0,0,0,0,0,0,0,0,0,0,,,,
1415141884.39356,public,time_statistics,0,0,,,1,0,0,0,1,0,1,0,,,,,,
1415141884.39356,pg_catalog,pg_auth_members,0,0,0,0,0,0,0,0,0,0,0,0,0,0,,,,
1415141884.39356,pg_catalog,pg_operator,0,0,119992,586169,0,0,0,0,0,0,11067,400721,7889,256653,,,,
1415141884.39356,information_schema,sql_packages,0,0,,,0,0,0,0,0,0,0,0,,,0,0,0,0
1415141884.39356,pg_catalog,pg_attribute,1265,8625,374708,789849,2818,88,2646,59,2508,338,15803,411378,6650,773881,,,,
1415141884.39356,pg_catalog,pg_tablespace,2,4,12330,12330,0,0,0,0,0,0,988,11344,1999,22711,,,,
1415141884.39356,pg_catalog,pg_statistic,0,0,91664,86051,643,1656,596,1294,448,89,9974,81219,3149,194810,15042,62303,1050,100908
1415141884.39356,pg_catalog,pg_aggregate,0,0,8170,8170,0,0,0,0,0,0,1187,6983,2522,11829,,,,
1415141884.39356,pg_catalog,pg_inherits,0,0,422,0,0,0,0,0,0,0,0,0,185,237,,,,
1415141884.39356,information_schema,sql_sizing,0,0,,,0,0,0,0,0,0,0,0,,,0,0,0,0
1415141884.39356,pg_catalog,pg_enum,0,0,0,0,0,0,0,0,0,0,0,0,0,0,,,,
1415141884.39356,pg_toast,pg_toast_2396,0,0,0,0,0,0,0,0,0,0,0,0,0,0,,,,
1415141884.39356,pg_catalog,pg_pltemplate,0,0,0,0,0,0,0,0,0,0,0,0,0,0,,,,
1415141884.39356,pg_toast,pg_toast_2618,0,0,3616,11560,0,0,0,0,0,0,1495,2884,503,5303,,,,
1415141884.39356,pg_toast,pg_toast_3596,0,0,0,0,0,0,0,0,0,0,0,0,0,0,,,,
1415141884.39356,pg_toast,pg_toast_11747,0,0,0,0,0,0,0,0,0,0,0,0,0,0,,,,
1415141884.39356,pg_toast,pg_toast_11727,0,0,0,0,0,0,0,0,0,0,0,0,0,0,,,,
1415141884.39356,pg_toast,pg_toast_2606,0,0,0,0,0,0,0,0,0,0,0,0,0,0,,,,
1415141884.39356,pg_toast,pg_toast_2964,0,0,0,0,0,0,0,0,0,0,0,0,0,0,,,,
1415141884.39356,pg_catalog,pg_database,2191,8566,60966,60964,1,0,0,0,1,0,750,62406,4603,91838,,,,
1415141884.39356,information_schema,sql_parts,0,0,,,0,0,0,0,0,0,0,0,,,0,0,0,0
1415141884.39356,pg_toast,pg_toast_2620,0,0,0,0,0,0,0,0,0,0,0,0,0,0,,,,
1415141884.39356,pg_toast,pg_toast_11737,0,0,0,0,0,0,0,0,0,0,0,0,0,0,,,,
1415141884.39356,pg_catalog,pg_depend,0,0,17983,19606,3382,0,3302,0,6675,506,2929,22833,4459,47029,,,,
1415141884.39356,pg_catalog,pg_language,0,0,0,0,0,0,0,0,0,0,0,0,0,0,,,,
1415141884.39356,information_schema,sql_implementation_info,0,0,,,0,0,0,0,0,0,0,0,,,0,0,0,0
1415141884.39356,public,part,6,12000000,0,0,2000000,0,0,0,2000000,0,79007,327715,0,0,,,,
1415141884.39356,pg_catalog,pg_amproc,230,460,69737,109193,0,0,0,0,0,0,1234,67776,3279,153212,,,,
1415141884.39356,public,supplier,4,400000,0,0,100000,0,0,0,100000,0,2312,15648,0,0,,,,
1415141884.39356,pg_catalog,pg_collation,0,0,0,0,0,0,0,0,0,0,0,0,0,0,,,,
1415141884.39356,pg_catalog,pg_range,0,0,3393,0,0,0,0,0,0,0,0,0,2331,4455,,,,
1415141884.39356,pg_toast,pg_toast_2609,0,0,0,0,0,0,0,0,0,0,0,0,0,0,,,,
1415141884.39356,pg_catalog,pg_opclass,230,230,94697,1079948,0,0,0,0,0,0,2679,424004,4190,114915,,,,
1415141884.39356,pg_toast,pg_toast_11752,0,0,0,0,0,0,0,0,0,0,0,0,0,0,,,,
1415141884.39356,pg_catalog,pg_rewrite,0,0,6531,5787,248,0,248,0,110,32,2206,5391,1146,10008,1495,2884,1006,10606
1415141884.39356,pg_toast,pg_toast_1255,0,0,0,0,0,0,0,0,0,0,0,0,0,0,,,,
1415141884.39356,pg_catalog,pg_seclabel,0,0,1862,0,0,0,0,0,0,0,0,0,177,1685,0,0,0,0
1415141884.39356,information_schema,sql_languages,0,0,,,0,0,0,0,0,0,0,0,,,0,0,0,0
1415141884.39356,pg_catalog,pg_ts_parser,0,0,0,0,0,0,0,0,0,0,0,0,0,0,,,,
1415141884.39356,pg_catalog,pg_trigger,0,0,0,0,0,0,0,0,0,0,0,0,0,0,0,0,0,0
1415141884.39356,pg_catalog,pg_shseclabel,0,0,0,0,0,0,0,0,0,0,0,0,0,0,,,,
1415141884.39356,pg_catalog,pg_event_trigger,0,0,770,0,0,0,0,0,0,0,0,0,183,587,,,,
1415141884.39356,pg_toast,pg_toast_11742,0,0,0,0,0,0,0,0,0,0,0,0,0,0,,,,
1415141884.39356,pg_catalog,pg_foreign_table,0,0,0,0,0,0,0,0,0,0,0,0,0,0,,,,
1415141884.39356,information_schema,sql_sizing_profiles,0,0,,,0,0,0,0,0,0,0,0,,,0,0,0,0
1415141884.39356,pg_catalog,pg_extension,0,0,0,0,0,0,0,0,0,0,0,0,0,0,,,,
1415141884.39356,pg_catalog,pg_ts_config,0,0,0,0,0,0,0,0,0,0,0,0,0,0,,,,
1415141884.39356,pg_catalog,pg_shdescription,0,0,0,0,0,0,0,0,0,0,0,0,0,0,0,0,0,0
1415141884.39356,pg_catalog,pg_cast,0,0,510729,126266,0,0,0,0,0,0,1823,124443,1797,524829,,,,
1415141884.39356,pg_catalog,pg_amop,0,0,143423,205771,0,0,0,0,0,0,3517,202254,6247,301005,,,,
1415141884.39356,pg_catalog,pg_user_mapping,0,0,0,0,0,0,0,0,0,0,0,0,0,0,,,,
1415141884.39356,pg_catalog,pg_type,0,0,377902,374662,855,0,836,0,360,23,4812,373605,6318,773455,,,,
1415141884.39356,pg_catalog,pg_largeobject,0,0,0,0,0,0,0,0,0,0,0,0,0,0,,,,
1415141884.39356,pg_catalog,pg_ts_config_map,0,0,0,0,0,0,0,0,0,0,0,0,0,0,,,,
1415141884.39356,pg_catalog,pg_largeobject_metadata,0,0,0,0,0,0,0,0,0,0,0,0,0,0,,,,
1415141884.39356,pg_catalog,pg_am,17333,17333,0,0,0,0,0,0,0,0,1048,16285,0,0,,,,
1415141884.39356,pg_toast,pg_toast_11722,0,0,0,0,0,0,0,0,0,0,0,0,0,0,,,,
1415141884.39356,public,customer,6,9000000,0,0,1500000,0,0,0,1500000,0,68533,294857,0,0,,,,
1415141884.39356,pg_catalog,pg_ts_template,0,0,0,0,0,0,0,0,0,0,0,0,0,0,,,,
1415141884.39356,pg_catalog,pg_foreign_server,0,0,0,0,0,0,0,0,0,0,0,0,0,0,,,,
1415141884.39356,pg_catalog,pg_namespace,1786,21394,103117,86816,28,0,0,0,28,0,941,87732,2569,118882,,,,
1415141884.39356,pg_toast,pg_toast_2619,0,0,48228,160583,2014,0,1805,0,219,16,15042,62303,1050,100908,,,,
1415141884.39356,public,region,2,10,0,0,5,0,0,0,5,0,1,3,0,0,,,,
1415141884.39356,public,nation,2,50,0,0,25,0,0,0,25,0,1,3,0,0,,,,
1415141884.39356,public,lineitem,4,239944208,0,0,59986052,0,0,0,59986052,0,4236732,3398501,0,0,,,,
1415141884.39356,pg_catalog,pg_authid,780,780,32735,32735,0,0,0,0,0,0,898,32617,3678,61792,,,,
1415141884.39356,pg_catalog,pg_default_acl,0,0,1728,0,0,0,0,0,0,0,0,0,177,1551,,,,
1415141884.39356,public,partsupp,3,24000000,0,0,8000000,0,0,0,8000000,0,340611,954509,0,0,,,,
1415141884.39356,pg_catalog,pg_shdepend,0,0,2324,461,0,0,0,0,0,0,183,278,728,2452,,,,
1415141884.39356,pg_catalog,pg_constraint,0,0,135,64,71,0,64,0,9,8,40,385,72,699,0,0,0,0
1415141884.39356,pg_catalog,pg_index,4371,505292,171317,244318,316,0,292,0,139,41,4647,231728,4111,195699,,,,
1415141884.39356,pg_catalog,pg_ts_dict,0,0,0,0,0,0,0,0,0,0,0,0,0,0,,,,
1415141884.39356,pg_toast,pg_toast_2604,0,0,0,0,0,0,0,0,0,0,0,0,0,0,,,,
1415141884.39356,pg_toast,pg_toast_11732,0,0,0,0,0,0,0,0,0,0,0,0,0,0,,,,
1415141884.39356,pg_catalog,pg_proc,0,0,160300,236822,0,0,0,0,0,0,17769,161365,12331,339516,0,0,0,0
1415141944.39894,pg_catalog,pg_attrdef,0,0,0,0,0,0,0,0,0,0,0,0,0,0,0,0,0,0
1415141944.39894,pg_catalog,pg_db_role_setting,0,0,71040,0,0,0,0,0,0,0,0,0,1087,69953,0,0,0,0
1415141944.39894,pg_catalog,pg_rowsecurity,0,0,0,0,0,0,0,0,0,0,0,0,0,0,,,,
1415141944.39894,pg_catalog,pg_description,0,0,1862,0,0,0,0,0,0,0,0,0,539,3607,0,0,0,0
1415141944.39894,pg_catalog,pg_foreign_data_wrapper,0,0,0,0,0,0,0,0,0,0,0,0,0,0,,,,
1415141944.39894,pg_catalog,pg_conversion,0,0,0,0,0,0,0,0,0,0,0,0,0,0,,,,
1415141944.39894,information_schema,sql_features,0,0,,,0,0,0,0,0,0,0,0,,,0,0,0,0
1415141944.39894,public,orders,4,60000000,0,0,15000000,0,0,0,15000000,0,504554,1558780,0,0,,,,
1415141944.39894,pg_catalog,pg_class,8564,2186819,504108,471902,751,264,714,251,336,74,10688,547259,10239,1040319,,,,
1415141944.39894,pg_catalog,pg_opfamily,0,0,0,0,0,0,0,0,0,0,0,0,0,0,,,,
1415141944.39894,public,time_statistics,0,0,,,1,0,0,0,1,0,1,0,,,,,,
1415141944.39894,pg_catalog,pg_auth_members,0,0,0,0,0,0,0,0,0,0,0,0,0,0,,,,
1415141944.39894,pg_catalog,pg_operator,0,0,120013,586190,0,0,0,0,0,0,11067,400742,7889,256707,,,,
1415141944.39894,information_schema,sql_packages,0,0,,,0,0,0,0,0,0,0,0,,,0,0,0,0
1415141944.39894,pg_catalog,pg_attribute,1265,8625,374964,790425,2822,90,2646,61,2512,340,15803,411659,6650,774420,,,,
1415141944.39894,pg_catalog,pg_tablespace,2,4,12335,12335,0,0,0,0,0,0,988,11349,1999,22721,,,,
1415141944.39894,pg_catalog,pg_statistic,0,0,91692,86073,643,1656,596,1294,448,89,9974,81241,3149,194872,15042,62307,1050,100920
1415141944.39894,pg_catalog,pg_aggregate,0,0,8171,8171,0,0,0,0,0,0,1187,6984,2522,11831,,,,
1415141944.39894,pg_catalog,pg_inherits,0,0,422,0,0,0,0,0,0,0,0,0,185,237,,,,
1415141944.39894,information_schema,sql_sizing,0,0,,,0,0,0,0,0,0,0,0,,,0,0,0,0
1415141944.39894,pg_catalog,pg_enum,0,0,0,0,0,0,0,0,0,0,0,0,0,0,,,,
1415141944.39894,pg_toast,pg_toast_2396,0,0,0,0,0,0,0,0,0,0,0,0,0,0,,,,
1415141944.39894,pg_catalog,pg_pltemplate,0,0,0,0,0,0,0,0,0,0,0,0,0,0,,,,
1415141944.39894,pg_toast,pg_toast_2618,0,0,3621,11576,0,0,0,0,0,0,1495,2890,503,5311,,,,
1415141944.39894,pg_toast,pg_toast_3596,0,0,0,0,0,0,0,0,0,0,0,0,0,0,,,,
1415141944.39894,pg_toast,pg_toast_11747,0,0,0,0,0,0,0,0,0,0,0,0,0,0,,,,
1415141944.39894,pg_toast,pg_toast_11727,0,0,0,0,0,0,0,0,0,0,0,0,0,0,,,,
1415141944.39894,pg_toast,pg_toast_2606,0,0,0,0,0,0,0,0,0,0,0,0,0,0,,,,
1415141944.39894,pg_toast,pg_toast_2964,0,0,0,0,0,0,0,0,0,0,0,0,0,0,,,,
1415141944.39894,pg_catalog,pg_database,2194,8578,60997,60995,1,0,0,0,1,0,750,62440,4603,91883,,,,
1415141944.39894,information_schema,sql_parts,0,0,,,0,0,0,0,0,0,0,0,,,0,0,0,0
1415141944.39894,pg_toast,pg_toast_2620,0,0,0,0,0,0,0,0,0,0,0,0,0,0,,,,
1415141944.39894,pg_toast,pg_toast_11737,0,0,0,0,0,0,0,0,0,0,0,0,0,0,,,,
1415141944.39894,pg_catalog,pg_depend,0,0,17996,19618,3390,0,3302,0,6683,506,2929,22862,4459,47093,,,,
1415141944.39894,pg_catalog,pg_language,0,0,0,0,0,0,0,0,0,0,0,0,0,0,,,,
1415141944.39894,information_schema,sql_implementation_info,0,0,,,0,0,0,0,0,0,0,0,,,0,0,0,0
1415141944.39894,public,part,6,12000000,0,0,2000000,0,0,0,2000000,0,79007,327715,0,0,,,,
1415141944.39894,pg_catalog,pg_amproc,230,460,69762,109233,0,0,0,0,0,0,1234,67801,3279,153268,,,,
1415141944.39894,public,supplier,4,400000,0,0,100000,0,0,0,100000,0,2312,15648,0,0,,,,
1415141944.39894,pg_catalog,pg_collation,0,0,0,0,0,0,0,0,0,0,0,0,0,0,,,,
1415141944.39894,pg_catalog,pg_range,0,0,3393,0,0,0,0,0,0,0,0,0,2331,4455,,,,
1415141944.39894,pg_toast,pg_toast_2609,0,0,0,0,0,0,0,0,0,0,0,0,0,0,,,,
1415141944.39894,pg_catalog,pg_opclass,230,230,94731,1080402,0,0,0,0,0,0,2679,424166,4190,114962,,,,
1415141944.39894,pg_toast,pg_toast_11752,0,0,0,0,0,0,0,0,0,0,0,0,0,0,,,,
1415141944.39894,pg_catalog,pg_rewrite,0,0,6539,5795,248,0,248,0,110,32,2206,5399,1146,10022,1495,2890,1006,10622
1415141944.39894,pg_toast,pg_toast_1255,0,0,0,0,0,0,0,0,0,0,0,0,0,0,,,,
1415141944.39894,pg_catalog,pg_seclabel,0,0,1862,0,0,0,0,0,0,0,0,0,177,1685,0,0,0,0
1415141944.39894,information_schema,sql_languages,0,0,,,0,0,0,0,0,0,0,0,,,0,0,0,0
1415141944.39894,pg_catalog,pg_ts_parser,0,0,0,0,0,0,0,0,0,0,0,0,0,0,,,,
1415141944.39894,pg_catalog,pg_trigger,0,0,0,0,0,0,0,0,0,0,0,0,0,0,0,0,0,0
1415141944.39894,pg_catalog,pg_shseclabel,0,0,0,0,0,0,0,0,0,0,0,0,0,0,,,,
1415141944.39894,pg_catalog,pg_event_trigger,0,0,773,0,0,0,0,0,0,0,0,0,183,590,,,,
1415141944.39894,pg_toast,pg_toast_11742,0,0,0,0,0,0,0,0,0,0,0,0,0,0,,,,
1415141944.39894,pg_catalog,pg_foreign_table,0,0,0,0,0,0,0,0,0,0,0,0,0,0,,,,
1415141944.39894,information_schema,sql_sizing_profiles,0,0,,,0,0,0,0,0,0,0,0,,,0,0,0,0
1415141944.39894,pg_catalog,pg_extension,0,0,0,0,0,0,0,0,0,0,0,0,0,0,,,,
1415141944.39894,pg_catalog,pg_ts_config,0,0,0,0,0,0,0,0,0,0,0,0,0,0,,,,
1415141944.39894,pg_catalog,pg_shdescription,0,0,0,0,0,0,0,0,0,0,0,0,0,0,0,0,0,0
1415141944.39894,pg_catalog,pg_cast,0,0,510866,126321,0,0,0,0,0,0,1823,124498,1797,524975,,,,
1415141944.39894,pg_catalog,pg_amop,0,0,143466,205824,0,0,0,0,0,0,3517,202307,6247,301101,,,,
1415141944.39894,pg_catalog,pg_user_mapping,0,0,0,0,0,0,0,0,0,0,0,0,0,0,,,,
1415141944.39894,pg_catalog,pg_type,0,0,378018,374778,855,0,836,0,360,23,4812,373721,6318,773696,,,,
1415141944.39894,pg_catalog,pg_largeobject,0,0,0,0,0,0,0,0,0,0,0,0,0,0,,,,
1415141944.39894,pg_catalog,pg_ts_config_map,0,0,0,0,0,0,0,0,0,0,0,0,0,0,,,,
1415141944.39894,pg_catalog,pg_largeobject_metadata,0,0,0,0,0,0,0,0,0,0,0,0,0,0,,,,
1415141944.39894,pg_catalog,pg_am,17342,17342,0,0,0,0,0,0,0,0,1048,16294,0,0,,,,
1415141944.39894,pg_toast,pg_toast_11722,0,0,0,0,0,0,0,0,0,0,0,0,0,0,,,,
1415141944.39894,public,customer,6,9000000,0,0,1500000,0,0,0,1500000,0,68533,294857,0,0,,,,
1415141944.39894,pg_catalog,pg_ts_template,0,0,0,0,0,0,0,0,0,0,0,0,0,0,,,,
1415141944.39894,pg_catalog,pg_foreign_server,0,0,0,0,0,0,0,0,0,0,0,0,0,0,,,,
1415141944.39894,pg_catalog,pg_namespace,1788,21462,103281,86971,28,0,0,0,28,0,941,87889,2569,119058,,,,
1415141944.39894,pg_toast,pg_toast_2619,0,0,48232,160591,2014,0,1805,0,219,16,15042,62307,1050,100920,,,,
1415141944.39894,public,region,2,10,0,0,5,0,0,0,5,0,1,3,0,0,,,,
1415141944.39894,public,nation,2,50,0,0,25,0,0,0,25,0,1,3,0,0,,,,
1415141944.39894,public,lineitem,8,479888416,0,0,59986052,0,0,0,59986052,0,8473805,3423096,0,0,,,,
1415141944.39894,pg_catalog,pg_authid,781,781,32745,32745,0,0,0,0,0,0,898,32628,3678,61812,,,,
1415141944.39894,pg_catalog,pg_default_acl,0,0,1728,0,0,0,0,0,0,0,0,0,177,1551,,,,
1415141944.39894,public,partsupp,3,24000000,0,0,8000000,0,0,0,8000000,0,340611,954509,0,0,,,,
1415141944.39894,pg_catalog,pg_shdepend,0,0,2324,461,0,0,0,0,0,0,183,278,728,2452,,,,
1415141944.39894,pg_catalog,pg_constraint,0,0,136,64,72,0,64,0,10,8,40,389,72,708,0,0,0,0
1415141944.39894,pg_catalog,pg_index,4376,505987,171402,244439,319,0,292,0,142,41,4647,231863,4111,195805,,,,
1415141944.39894,pg_catalog,pg_ts_dict,0,0,0,0,0,0,0,0,0,0,0,0,0,0,,,,
1415141944.39894,pg_toast,pg_toast_2604,0,0,0,0,0,0,0,0,0,0,0,0,0,0,,,,
1415141944.39894,pg_toast,pg_toast_11732,0,0,0,0,0,0,0,0,0,0,0,0,0,0,,,,
1415141944.39894,pg_catalog,pg_proc,0,0,160385,236949,0,0,0,0,0,0,17769,161474,12331,339699,0,0,0,0
